timestamp,x,y,z,label
0.0000,-0.007205,-0.008645,0.994434,sit
0.0200,0.035099,-0.006379,0.925132,sit
0.0400,0.016616,-0.013367,0.989152,sit
0.0600,0.005794,0.011615,1.058178,sit
0.0800,0.032832,0.005525,0.963084,sit
0.1000,-0.050733,0.012317,1.065554,sit
0.1200,0.002083,-0.005316,1.026589,sit
0.1400,-0.072677,-0.015614,1.024518,sit
0.1600,0.043670,-0.012031,1.018830,sit
0.1800,0.012411,0.039116,0.944339,sit
0.2000,0.028413,-0.075726,0.869003,sit
0.2200,-0.030345,-0.045791,1.043801,sit
0.2400,0.033213,-0.060954,1.042368,sit
0.2600,-0.050110,-0.004312,0.985305,sit
0.2800,0.005721,0.040932,1.031921,sit
0.3000,0.017494,0.032497,1.023925,sit
0.3200,-0.031349,-0.035869,0.976502,sit
0.3400,0.024966,-0.012506,1.116788,sit
0.3600,-0.040965,-0.054944,1.038424,sit
0.3800,0.071092,0.025285,1.041791,sit
0.4000,0.071317,-0.004701,0.928852,sit
0.4200,-0.026604,0.047645,0.927816,sit
0.4400,0.001677,0.012662,0.984220,sit
0.4600,0.036182,0.029039,1.116070,sit
0.4800,0.030998,-0.030470,0.971910,sit
0.5000,-0.041579,0.047614,0.971658,sit
0.5200,-0.003513,0.037465,0.963827,sit
0.5400,-0.014683,-0.092064,0.945876,sit
0.5600,-0.028387,0.020788,1.059675,sit
0.5800,-0.000923,0.013068,1.008398,sit
0.6000,0.054237,0.044668,1.013685,sit
0.6200,-0.050547,0.045169,1.019052,sit
0.6400,0.061347,-0.001495,1.097655,sit
0.6600,-0.017944,0.079653,1.005756,sit
0.6800,-0.025813,-0.056422,0.992448,sit
0.7000,0.071166,0.040819,1.034444,sit
0.7200,-0.118794,0.035548,1.027793,sit
0.7400,-0.027496,-0.031369,0.999884,sit
0.7600,0.086244,-0.052755,0.978610,sit
0.7800,0.068089,-0.022308,0.981787,sit
0.8000,0.004889,-0.062064,1.010997,sit
0.8200,-0.060481,0.044260,1.000159,sit
0.8400,0.114172,0.014042,1.068284,sit
0.8600,-0.065163,-0.006107,1.016157,sit
0.8800,0.087286,-0.084046,1.049531,sit
0.9000,0.029568,0.076677,1.035619,sit
0.9200,0.002604,-0.026082,0.937591,sit
0.9400,0.009771,-0.009585,1.101013,sit
0.9600,-0.030551,0.016020,0.921550,sit
0.9800,-0.019773,0.013057,1.041198,sit
1.0000,0.072405,-0.002207,0.944138,sit
1.0200,0.022893,0.025849,1.024583,sit
1.0400,-0.035014,0.056669,1.004395,sit
1.0600,0.034991,0.063704,1.030464,sit
1.0800,0.014326,0.107640,1.012185,sit
1.1000,-0.014798,0.005598,1.074138,sit
1.1200,0.005936,0.025969,1.059787,sit
1.1400,-0.025643,-0.086328,1.014971,sit
1.1600,0.011487,-0.030401,1.043554,sit
1.1800,0.030378,-0.049750,1.025911,sit
1.2000,-0.009805,-0.074151,1.022648,sit
1.2200,-0.002261,-0.037264,1.026147,sit
1.2400,0.024405,-0.028877,1.020018,sit
1.2600,0.050753,-0.035633,1.019045,sit
1.2800,0.000138,0.113301,0.906885,sit
1.3000,0.034764,-0.015312,0.994990,sit
1.3200,0.095079,-0.000429,1.112047,sit
1.3400,-0.022107,0.017526,0.975458,sit
1.3600,-0.034534,0.003124,0.985871,sit
1.3800,0.010125,-0.105251,1.100123,sit
1.4000,-0.008350,0.087145,0.949644,sit
1.4200,0.014627,0.158247,0.956514,sit
1.4400,-0.074765,-0.027325,1.023624,sit
1.4600,0.034667,0.064518,0.987149,sit
1.4800,-0.080113,-0.021751,1.062011,sit
1.5000,0.023283,-0.097847,0.998247,sit
1.5200,0.069908,0.106327,1.028084,sit
1.5400,0.015465,-0.062010,0.957838,sit
1.5600,0.002346,0.025160,1.029009,sit
1.5800,-0.023910,-0.057597,0.961111,sit
1.6000,-0.057849,0.032170,0.884386,sit
1.6200,-0.016664,0.022494,1.076101,sit
1.6400,0.003565,0.050064,0.980050,sit
1.6600,-0.037220,-0.033720,1.076367,sit
1.6800,0.049711,0.024370,1.166513,sit
1.7000,-0.001617,0.031017,1.015380,sit
1.7200,-0.011094,0.115809,1.075330,sit
1.7400,-0.069974,-0.019992,1.021417,sit
1.7600,0.039159,-0.067422,0.887222,sit
1.7800,-0.095318,-0.003556,0.994840,sit
1.8000,0.017261,-0.038484,0.938788,sit
1.8200,-0.101152,0.016459,1.018503,sit
1.8400,0.049650,0.039540,0.990464,sit
1.8600,0.067463,-0.006818,0.966958,sit
1.8800,-0.026029,-0.029241,0.891713,sit
1.9000,0.007816,0.012494,0.981887,sit
1.9200,-0.035692,0.018590,1.085844,sit
1.9400,0.001913,-0.025382,0.970428,sit
1.9600,-0.003488,-0.063238,0.993737,sit
1.9800,0.003059,0.092234,1.047174,sit
2.0000,0.051701,-0.035647,1.033496,sit
2.0200,-0.056969,0.015598,1.020937,sit
2.0400,-0.038320,0.099969,1.028369,sit
2.0600,-0.095136,0.027643,0.979629,sit
2.0800,0.000069,0.023288,1.019527,sit
2.1000,-0.101958,-0.057916,1.038631,sit
2.1200,0.065060,0.095158,1.090158,sit
2.1400,-0.102777,0.038474,0.904185,sit
2.1600,0.080680,0.012667,0.942942,sit
2.1800,0.100495,0.032199,0.905443,sit
2.2000,0.014673,-0.036557,1.005565,sit
2.2200,-0.023260,0.068675,0.928836,sit
2.2400,0.015870,0.090709,0.958652,sit
2.2600,0.010532,0.010100,0.965515,sit
2.2800,0.032395,0.004853,0.952812,sit
2.3000,0.088101,0.039581,0.991645,sit
2.3200,-0.031834,-0.039218,1.061547,sit
2.3400,-0.007324,0.022972,0.990777,sit
2.3600,0.030820,-0.005799,1.038193,sit
2.3800,-0.009161,0.041479,1.033619,sit
2.4000,-0.005830,-0.042989,0.952994,sit
2.4200,-0.037037,-0.049224,1.043290,sit
2.4400,-0.002330,0.078505,1.113966,sit
2.4600,0.001211,-0.077401,0.980927,sit
2.4800,-0.003767,-0.074422,0.987475,sit
2.5000,0.014347,-0.022971,0.961579,sit
2.5200,-0.037938,0.089334,0.992018,sit
2.5400,-0.041497,-0.018645,1.047717,sit
2.5600,-0.034234,0.024092,1.036394,sit
2.5800,0.037456,0.069985,0.972476,sit
2.6000,0.056637,-0.039643,0.980173,sit
2.6200,0.059804,0.041119,1.000105,sit
2.6400,-0.059571,0.028083,0.968481,sit
2.6600,-0.046194,-0.032407,1.012325,sit
2.6800,-0.106052,0.018038,1.008695,sit
2.7000,-0.029226,0.051846,1.030572,sit
2.7200,-0.030314,-0.033501,1.034758,sit
2.7400,-0.075804,-0.016631,0.968448,sit
2.7600,0.003494,0.010556,1.001839,sit
2.7800,0.056742,0.011403,0.984250,sit
2.8000,-0.060543,0.036092,1.026407,sit
2.8200,0.072540,-0.037373,1.001321,sit
2.8400,-0.002935,-0.004381,1.000520,sit
2.8600,-0.085727,0.041249,1.032660,sit
2.8800,0.056524,0.112479,0.984052,sit
2.9000,-0.001807,0.000489,1.097109,sit
2.9200,-0.086561,0.024288,0.926458,sit
2.9400,-0.129079,-0.101042,0.930912,sit
2.9600,0.053451,-0.043418,0.988627,sit
2.9800,-0.058176,0.030548,0.944902,sit
3.0000,0.065883,-0.049655,0.961759,sit
3.0200,0.006137,0.001236,1.071235,sit
3.0400,0.006020,-0.060392,0.971983,sit
3.0600,-0.028639,0.036252,1.019190,sit
3.0800,-0.005970,0.043480,0.973575,sit
3.1000,-0.006812,0.009038,1.076409,sit
3.1200,-0.004927,-0.017540,0.947708,sit
3.1400,0.034303,-0.029382,1.017184,sit
3.1600,-0.095080,0.052159,0.933403,sit
3.1800,-0.038867,0.052929,0.933276,sit
3.2000,-0.003973,0.003713,0.950072,sit
3.2200,0.067147,0.074939,0.901419,sit
3.2400,-0.072450,0.040412,0.934849,sit
3.2600,-0.019432,0.006478,1.034593,sit
3.2800,-0.011163,0.004761,0.961163,sit
3.3000,0.064618,-0.024766,1.016987,sit
3.3200,-0.025582,0.005316,0.991592,sit
3.3400,-0.008123,-0.050689,1.039821,sit
3.3600,0.070702,0.012157,1.036617,sit
3.3800,0.041903,0.046399,1.015168,sit
3.4000,0.010613,0.043200,1.003442,sit
3.4200,-0.048696,0.001192,0.905579,sit
3.4400,-0.000295,0.020669,1.061799,sit
3.4600,0.007564,0.046407,0.999973,sit
3.4800,-0.051174,-0.070569,0.951513,sit
3.5000,-0.068307,0.031685,0.989619,sit
3.5200,0.028516,0.003672,1.052202,sit
3.5400,0.053010,-0.032267,0.986284,sit
3.5600,-0.026641,-0.081066,1.033761,sit
3.5800,0.059440,-0.000321,0.975340,sit
3.6000,0.054545,-0.117248,1.008874,sit
3.6200,0.007164,-0.028543,1.069579,sit
3.6400,0.048537,-0.013058,0.995665,sit
3.6600,-0.019401,-0.025606,0.934590,sit
3.6800,0.068997,0.051400,1.039908,sit
3.7000,-0.054717,0.104042,1.099008,sit
3.7200,0.009403,-0.045211,0.956678,sit
3.7400,0.020927,-0.045651,0.998289,sit
3.7600,0.054432,-0.075341,1.100286,sit
3.7800,0.078335,-0.061854,0.929318,sit
3.8000,-0.014171,-0.051557,0.986814,sit
3.8200,-0.129059,-0.011435,1.090143,sit
3.8400,-0.055830,-0.013653,0.925520,sit
3.8600,0.031912,-0.011266,1.097037,sit
3.8800,0.010342,-0.018609,1.027514,sit
3.9000,-0.025311,-0.066965,1.015097,sit
3.9200,-0.008743,0.008316,1.018773,sit
3.9400,-0.025516,0.021079,1.086885,sit
3.9600,-0.055390,0.086871,0.987860,sit
3.9800,-0.038331,0.121361,1.007751,sit
4.0000,0.068520,0.040880,0.915970,sit
4.0200,0.006041,-0.026266,0.932910,sit
4.0400,-0.088586,0.005115,1.029513,sit
4.0600,0.019533,-0.015291,0.960074,sit
4.0800,-0.049343,-0.027758,0.948347,sit
4.1000,-0.010164,-0.001144,0.955201,sit
4.1200,-0.011603,-0.038016,0.999776,sit
4.1400,0.025354,0.008906,1.023608,sit
4.1600,-0.082601,-0.018935,1.013837,sit
4.1800,0.032058,-0.079900,1.007959,sit
4.2000,0.060321,-0.008931,0.995262,sit
4.2200,0.022523,0.012356,1.033732,sit
4.2400,0.003621,0.007625,0.960878,sit
4.2600,-0.008522,0.062656,0.989792,sit
4.2800,-0.008428,-0.024575,1.039359,sit
4.3000,-0.042734,0.045525,0.953151,sit
4.3200,-0.052889,0.010297,1.006509,sit
4.3400,0.014878,0.053127,0.979375,sit
4.3600,0.022150,-0.045491,1.062958,sit
4.3800,0.031623,0.026826,1.009394,sit
4.4000,-0.039280,-0.016369,1.025089,sit
4.4200,-0.000959,0.006187,0.932009,sit
4.4400,0.009055,-0.034596,0.945833,sit
4.4600,-0.007734,-0.092825,1.034928,sit
4.4800,0.042601,-0.002672,0.950311,sit
4.5000,-0.047268,-0.007556,0.878813,sit
4.5200,0.009024,0.033222,0.984405,sit
4.5400,-0.024720,0.009098,1.017532,sit
4.5600,0.054708,0.000920,0.965512,sit
4.5800,-0.023063,0.009097,1.077810,sit
4.6000,-0.016014,-0.052626,0.956495,sit
4.6200,-0.104817,0.016490,0.931934,sit
4.6400,-0.061675,-0.098801,0.944101,sit
4.6600,0.028421,-0.065568,0.912518,sit
4.6800,0.008913,-0.017059,1.021610,sit
4.7000,0.037028,-0.000425,0.935112,sit
4.7200,-0.006190,0.025013,0.970851,sit
4.7400,-0.071873,0.055131,0.979238,sit
4.7600,-0.020462,0.000798,1.051524,sit
4.7800,0.013181,-0.016661,1.034107,sit
4.8000,0.107351,0.069389,1.033644,sit
4.8200,-0.056114,0.187603,0.940067,sit
4.8400,-0.018590,-0.034994,1.081345,sit
4.8600,0.021012,-0.071356,1.013379,sit
4.8800,0.027345,-0.015924,0.938991,sit
4.9000,-0.036252,-0.021842,1.001137,sit
4.9200,-0.025995,0.036761,0.952503,sit
4.9400,-0.086569,-0.036970,1.067445,sit
4.9600,-0.028658,0.117040,1.024574,sit
4.9800,-0.058221,-0.041714,1.012169,sit
5.0000,-0.058882,0.118729,0.950455,sit
5.0200,0.034047,0.073006,0.994540,sit
5.0400,-0.049793,-0.013653,1.018111,sit
5.0600,0.043788,0.002836,0.929989,sit
5.0800,0.002116,-0.033668,0.890838,sit
5.1000,-0.034878,-0.071623,1.029343,sit
5.1200,0.097208,0.092938,0.971340,sit
5.1400,-0.023370,0.034439,1.053064,sit
5.1600,-0.020937,-0.007132,1.110346,sit
5.1800,-0.005373,-0.024266,1.005996,sit
5.2000,0.028985,-0.051082,0.987580,sit
5.2200,-0.058318,-0.013913,1.093846,sit
5.2400,0.037086,-0.004627,0.953344,sit
5.2600,-0.015570,0.052537,0.971916,sit
5.2800,0.072521,-0.068682,0.985498,sit
5.3000,0.087138,-0.100392,1.059421,sit
5.3200,-0.092569,-0.004504,0.991373,sit
5.3400,0.041215,-0.157727,0.904110,sit
5.3600,-0.028301,0.001845,0.955339,sit
5.3800,-0.011043,-0.059309,0.979936,sit
5.4000,-0.042338,0.012201,1.029071,sit
5.4200,0.071647,-0.032821,0.984100,sit
5.4400,0.002387,-0.014746,0.997400,sit
5.4600,-0.078109,0.018588,0.954240,sit
5.4800,-0.047848,-0.079406,1.058050,sit
5.5000,-0.007030,0.057475,1.013615,sit
5.5200,-0.085168,-0.054185,1.037897,sit
5.5400,-0.038284,-0.054517,0.991031,sit
5.5600,-0.008848,-0.050593,0.983693,sit
5.5800,-0.023925,-0.129499,1.025133,sit
5.6000,-0.040569,0.065222,0.942494,sit
5.6200,-0.078980,0.059381,0.920747,sit
5.6400,-0.031809,0.029867,0.983518,sit
5.6600,-0.082774,0.009402,0.990284,sit
5.6800,0.064193,0.029432,1.151786,sit
5.7000,-0.082295,-0.001084,0.946667,sit
5.7200,0.057738,0.041092,1.037702,sit
5.7400,-0.038867,-0.037258,0.898516,sit
5.7600,0.085475,0.025411,0.986957,sit
5.7800,0.046676,0.037546,1.048763,sit
5.8000,-0.081177,-0.035692,1.009772,sit
5.8200,0.017771,0.047862,0.949568,sit
5.8400,0.006360,0.110268,1.034596,sit
5.8600,0.043528,-0.000959,1.038381,sit
5.8800,0.090199,0.005332,1.061199,sit
5.9000,-0.043757,0.029505,1.045211,sit
5.9200,-0.037600,0.054906,0.966238,sit
5.9400,-0.040262,-0.000060,1.096599,sit
5.9600,0.015458,0.046789,0.963410,sit
5.9800,0.003875,-0.058828,0.971445,sit
6.0000,0.041782,-0.001920,1.072565,sit
6.0200,-0.010121,-0.009897,1.063834,sit
6.0400,-0.032431,-0.075988,1.065064,sit
6.0600,0.020709,-0.108260,1.002226,sit
6.0800,-0.020189,0.087242,0.963550,sit
6.1000,-0.029038,-0.045520,0.947297,sit
6.1200,-0.035025,-0.071796,0.948440,sit
6.1400,-0.080329,-0.074864,0.922016,sit
6.1600,-0.026058,-0.034184,0.938676,sit
6.1800,0.023914,-0.002404,0.978401,sit
6.2000,-0.023199,0.079644,1.011991,sit
6.2200,0.023769,-0.129302,0.967313,sit
6.2400,-0.108550,-0.021310,1.018666,sit
6.2600,-0.033715,0.025930,0.948863,sit
6.2800,0.028790,-0.077680,0.986916,sit
6.3000,0.020990,0.026796,0.993637,sit
6.3200,0.096986,-0.020721,0.977450,sit
6.3400,-0.137975,0.088447,0.981550,sit
6.3600,-0.058801,0.066045,1.061775,sit
6.3800,0.005416,-0.071746,1.020949,sit
6.4000,-0.031070,-0.058539,1.052169,sit
6.4200,-0.106630,0.028358,1.022968,sit
6.4400,0.102551,0.016259,0.897078,sit
6.4600,-0.041806,0.003233,1.017778,sit
6.4800,0.049041,-0.097984,0.983503,sit
6.5000,0.048493,0.077198,1.093051,sit
6.5200,-0.019511,0.054880,1.085586,sit
6.5400,0.059903,0.036184,1.041390,sit
6.5600,-0.039494,-0.072362,1.049142,sit
6.5800,-0.017353,-0.001407,0.971064,sit
6.6000,-0.019645,0.011637,0.948907,sit
6.6200,0.003425,0.012303,0.996132,sit
6.6400,-0.037181,0.039331,1.093632,sit
6.6600,-0.030062,0.061723,1.044463,sit
6.6800,-0.132663,-0.038060,0.968208,sit
6.7000,0.039089,0.009424,1.023720,sit
6.7200,0.031814,-0.044946,0.962673,sit
6.7400,-0.061144,-0.008514,0.994045,sit
6.7600,0.008560,-0.036365,1.045326,sit
6.7800,0.045856,0.077326,1.035565,sit
6.8000,0.009276,0.033621,1.030488,sit
6.8200,-0.032591,0.064469,1.085926,sit
6.8400,0.098848,0.001761,1.016214,sit
6.8600,0.020818,-0.000127,1.030964,sit
6.8800,-0.006059,-0.009689,1.087949,sit
6.9000,0.008236,0.003351,1.044101,sit
6.9200,0.007517,0.014581,0.996822,sit
6.9400,-0.061021,-0.001549,0.943156,sit
6.9600,0.010508,-0.059072,1.045835,sit
6.9800,0.037462,0.014021,0.994993,sit
7.0000,0.020815,-0.098250,0.945159,sit
7.0200,-0.007437,0.017263,0.996030,sit
7.0400,-0.050231,0.006672,0.977315,sit
7.0600,-0.053430,0.016475,0.989501,sit
7.0800,0.059824,0.033277,1.036734,sit
7.1000,0.016083,-0.042259,0.953219,sit
7.1200,-0.073558,0.143951,0.946028,sit
7.1400,-0.010492,-0.018019,0.985945,sit
7.1600,-0.029203,-0.093417,0.950090,sit
7.1800,-0.069533,-0.006339,0.965790,sit
7.2000,-0.034359,0.010794,0.970861,sit
7.2200,0.046605,-0.019309,1.011258,sit
7.2400,-0.066265,0.032844,0.979741,sit
7.2600,0.020438,0.016500,0.991328,sit
7.2800,0.010872,-0.019265,1.067305,sit
7.3000,0.046714,0.024125,0.940993,sit
7.3200,-0.054965,-0.033193,0.987750,sit
7.3400,0.022401,-0.044827,1.058854,sit
7.3600,0.000180,-0.100639,0.976234,sit
7.3800,-0.129259,-0.037586,0.972544,sit
7.4000,-0.030521,-0.016263,0.980295,sit
7.4200,-0.029687,0.075125,1.060745,sit
7.4400,-0.057092,0.062695,0.918932,sit
7.4600,-0.040731,0.076260,0.888022,sit
7.4800,0.028739,-0.062675,0.992800,sit
7.5000,-0.009010,0.084860,0.959470,sit
7.5200,-0.003451,0.031351,0.987411,sit
7.5400,-0.041103,-0.002960,1.004676,sit
7.5600,0.044203,-0.047153,0.977543,sit
7.5800,0.016147,-0.008358,0.990736,sit
7.6000,-0.000850,-0.034792,0.960015,sit
7.6200,0.022037,-0.054755,1.058269,sit
7.6400,0.010865,-0.063827,1.014151,sit
7.6600,0.008364,0.038108,1.057942,sit
7.6800,-0.018321,-0.035388,0.969701,sit
7.7000,-0.049054,-0.037322,1.014225,sit
7.7200,0.000763,-0.024568,0.963087,sit
7.7400,0.017394,-0.025080,0.947992,sit
7.7600,-0.007584,-0.013225,0.946498,sit
7.7800,0.041359,0.042301,1.002045,sit
7.8000,0.006552,0.026365,0.998454,sit
7.8200,0.044565,0.082800,1.004025,sit
7.8400,0.022013,0.043673,0.983098,sit
7.8600,-0.056415,0.045300,0.921562,sit
7.8800,0.089442,0.043522,1.009385,sit
7.9000,0.002555,0.087568,0.952689,sit
7.9200,-0.058010,-0.029907,0.986910,sit
7.9400,-0.050323,0.007693,1.006797,sit
7.9600,-0.040693,0.080153,0.930396,sit
7.9800,-0.063836,0.018806,0.989626,sit
8.0000,0.020886,-0.030949,0.948333,sit
8.0200,-0.032277,-0.034180,1.026250,sit
8.0400,-0.023998,0.038072,1.029404,sit
8.0600,0.052030,0.045036,1.039218,sit
8.0800,0.038493,-0.025835,0.986906,sit
8.1000,-0.091506,0.014588,0.966312,sit
8.1200,0.020077,0.026374,0.932395,sit
8.1400,-0.050692,-0.017467,0.974120,sit
8.1600,0.008351,-0.057771,1.002359,sit
8.1800,-0.084424,-0.107756,1.035833,sit
8.2000,-0.065266,-0.027996,0.929132,sit
8.2200,-0.070444,-0.019943,0.979494,sit
8.2400,0.049129,0.022476,0.986944,sit
8.2600,0.037884,0.055828,1.020565,sit
8.2800,-0.020316,0.050930,1.088426,sit
8.3000,0.033027,0.088534,1.046330,sit
8.3200,0.042443,-0.054509,0.944323,sit
8.3400,-0.002474,-0.083473,0.970352,sit
8.3600,0.043367,-0.033258,1.026660,sit
8.3800,-0.067563,-0.024682,1.051172,sit
8.4000,0.010426,0.014514,1.085236,sit
8.4200,0.064840,-0.043843,1.065895,sit
8.4400,-0.030762,-0.000879,1.000761,sit
8.4600,0.053652,-0.056463,1.022593,sit
8.4800,0.026201,0.040576,0.989481,sit
8.5000,0.050171,-0.035577,1.057353,sit
8.5200,0.017612,-0.070004,1.020396,sit
8.5400,0.008965,-0.017783,0.963187,sit
8.5600,-0.012010,-0.072108,1.084536,sit
8.5800,-0.056414,-0.033064,1.057245,sit
8.6000,0.029252,0.036012,1.075835,sit
8.6200,-0.015607,-0.052325,1.042213,sit
8.6400,0.039814,-0.016344,0.936721,sit
8.6600,0.061958,0.028792,0.931326,sit
8.6800,0.038998,-0.072049,0.975868,sit
8.7000,-0.056165,-0.031892,0.958334,sit
8.7200,-0.030666,0.036213,1.014730,sit
8.7400,0.031437,0.054617,0.981365,sit
8.7600,0.003995,0.026908,1.085337,sit
8.7800,0.044954,0.069078,1.050948,sit
8.8000,0.052863,-0.089234,1.044043,sit
8.8200,0.010646,0.002711,0.973637,sit
8.8400,-0.021264,0.020809,1.041999,sit
8.8600,-0.074889,0.010905,0.971966,sit
8.8800,-0.047540,0.019631,0.983564,sit
8.9000,-0.032952,-0.038458,1.014065,sit
8.9200,-0.000502,-0.054582,0.957950,sit
8.9400,-0.009125,0.020257,0.947514,sit
8.9600,0.024405,-0.041200,1.136387,sit
8.9800,-0.047050,-0.039506,1.009700,sit
9.0000,-0.045119,0.041382,1.090071,sit
9.0200,-0.019381,0.008639,0.974112,sit
9.0400,-0.000001,0.071587,1.044712,sit
9.0600,-0.045211,0.077295,1.058103,sit
9.0800,0.024318,-0.032961,1.003285,sit
9.1000,-0.039773,0.023380,0.984176,sit
9.1200,-0.111748,0.046310,1.009573,sit
9.1400,0.053924,-0.006809,1.009423,sit
9.1600,0.055766,0.019390,1.014400,sit
9.1800,0.160720,-0.008450,1.008459,sit
9.2000,0.086701,-0.040250,0.947950,sit
9.2200,-0.071603,0.026683,1.031282,sit
9.2400,0.037074,-0.067678,1.050293,sit
9.2600,0.059863,-0.004866,1.001628,sit
9.2800,0.033780,0.018357,1.032098,sit
9.3000,-0.054304,-0.008731,0.939376,sit
9.3200,0.031564,0.026511,0.995059,sit
9.3400,0.014840,-0.077826,1.042896,sit
9.3600,-0.023364,0.006453,1.055768,sit
9.3800,-0.037825,0.059862,1.006204,sit
9.4000,0.001410,0.027802,0.937649,sit
9.4200,0.029705,0.003075,1.051814,sit
9.4400,-0.010840,-0.018166,1.018482,sit
9.4600,-0.002968,-0.058698,0.990302,sit
9.4800,0.063382,-0.004655,0.956477,sit
9.5000,0.035797,-0.092672,0.893987,sit
9.5200,-0.000208,0.009046,1.011020,sit
9.5400,-0.044639,-0.007525,0.930063,sit
9.5600,0.010978,-0.080766,0.992538,sit
9.5800,0.013079,-0.087831,0.973875,sit
9.6000,0.039407,0.077448,0.924802,sit
9.6200,0.016996,-0.061797,0.932737,sit
9.6400,0.079804,0.033409,0.959790,sit
9.6600,0.010951,0.032097,1.009065,sit
9.6800,0.112364,0.030289,0.850351,sit
9.7000,-0.014510,-0.036829,0.989793,sit
9.7200,0.000673,-0.032557,0.945754,sit
9.7400,0.068170,0.029867,0.966463,sit
9.7600,0.033982,0.033759,1.063365,sit
9.7800,-0.052766,0.038994,0.969611,sit
9.8000,0.057752,-0.009622,0.886411,sit
9.8200,0.001768,-0.089208,0.989143,sit
9.8400,-0.002910,-0.020065,0.925654,sit
9.8600,-0.055786,-0.042230,0.987595,sit
9.8800,0.064425,0.035454,0.976390,sit
9.9000,0.063694,-0.068403,1.034251,sit
9.9200,-0.008762,0.011816,1.031923,sit
9.9400,-0.033979,0.040058,0.999535,sit
9.9600,0.120590,-0.015213,1.063459,sit
9.9800,0.032355,-0.058706,1.068031,sit
10.0000,-0.106041,0.076800,1.085332,walk
10.0200,0.181848,0.299889,1.065929,walk
10.0400,0.305618,0.350120,1.105550,walk
10.0600,0.287484,0.128969,1.170310,walk
10.0800,0.168706,-0.001311,1.131777,walk
10.1000,0.445840,0.066553,1.182761,walk
10.1200,0.245833,0.214295,1.192748,walk
10.1400,0.436508,0.064038,1.003336,walk
10.1600,0.301816,0.102564,1.025593,walk
10.1800,0.474286,-0.353860,1.048838,walk
10.2000,0.331026,0.124581,0.801978,walk
10.2200,0.353350,-0.078488,0.701339,walk
10.2400,0.395479,-0.255749,0.883338,walk
10.2600,0.334290,-0.181590,0.682009,walk
10.2800,0.171644,-0.232901,0.585584,walk
10.3000,0.068432,-0.191510,0.726236,walk
10.3200,0.178031,-0.360466,0.970153,walk
10.3400,-0.139883,-0.250970,1.077606,walk
10.3600,0.014161,-0.155168,1.245791,walk
10.3800,-0.149420,-0.394065,1.325005,walk
10.4000,-0.365528,-0.286576,1.311475,walk
10.4200,-0.247232,-0.046058,1.249101,walk
10.4400,-0.506738,-0.188274,1.243613,walk
10.4600,-0.406971,0.030808,1.146376,walk
10.4800,-0.536500,-0.009535,0.977263,walk
10.5000,-0.230011,0.027009,0.859672,walk
10.5200,-0.284976,0.293139,0.707563,walk
10.5400,-0.281603,0.158840,0.846431,walk
10.5600,-0.303398,0.209937,0.704493,walk
10.5800,-0.150488,0.070412,0.946350,walk
10.6000,-0.082345,0.124092,0.761696,walk
10.6200,-0.028326,0.222349,0.791131,walk
10.6400,-0.139714,0.407322,0.818793,walk
10.6600,-0.026099,0.353430,0.947907,walk
10.6800,-0.036510,0.163480,0.910347,walk
10.7000,0.005626,0.113262,1.074259,walk
10.7200,0.222723,0.268302,1.128419,walk
10.7400,0.153168,0.131815,1.106782,walk
10.7600,0.184618,0.262663,1.105111,walk
10.7800,0.352254,0.082721,1.453876,walk
10.8000,0.200730,0.112035,1.113571,walk
10.8200,0.319733,0.069121,1.077731,walk
10.8400,0.292320,0.023791,1.007584,walk
10.8600,0.518380,-0.135604,1.026606,walk
10.8800,0.342249,-0.325335,0.859681,walk
10.9000,0.315448,-0.264571,0.855560,walk
10.9200,0.226656,-0.117002,0.742223,walk
10.9400,0.289363,-0.185351,0.821110,walk
10.9600,0.044045,-0.186962,0.831039,walk
10.9800,0.275179,-0.246819,0.983081,walk
11.0000,-0.076489,-0.340614,1.009672,walk
11.0200,-0.192000,-0.411714,1.081173,walk
11.0400,-0.155037,-0.258725,1.282847,walk
11.0600,-0.254364,-0.185211,1.211743,walk
11.0800,-0.293220,-0.192984,1.042734,walk
11.1000,-0.316971,-0.240161,1.144780,walk
11.1200,-0.550630,-0.172023,1.004885,walk
11.1400,-0.300421,-0.098538,0.952231,walk
11.1600,-0.466563,0.056658,0.971845,walk
11.1800,-0.424968,0.000682,0.925000,walk
11.2000,-0.550399,0.088159,0.797244,walk
11.2200,-0.055145,0.123225,0.743356,walk
11.2400,-0.209358,0.175624,0.779762,walk
11.2600,-0.342381,0.386677,0.691661,walk
11.2800,-0.155166,0.376128,0.758468,walk
11.3000,-0.123622,0.343968,0.921322,walk
11.3200,-0.159143,0.315783,0.843291,walk
11.3400,-0.049421,0.234569,1.152931,walk
11.3600,0.259134,0.551120,1.114783,walk
11.3800,0.086171,0.174500,1.353376,walk
11.4000,0.081276,0.211008,1.181158,walk
11.4200,0.466587,0.104030,1.359673,walk
11.4400,0.469066,0.144071,1.272756,walk
11.4600,0.218039,0.101617,1.149634,walk
11.4800,0.134957,0.097752,1.127548,walk
11.5000,0.230662,-0.141228,0.925071,walk
11.5200,0.339997,-0.086851,0.812156,walk
11.5400,0.271125,-0.079786,0.781338,walk
11.5600,0.327051,-0.183716,0.819513,walk
11.5800,0.276160,-0.119210,0.760793,walk
11.6000,0.324018,-0.117997,0.616188,walk
11.6200,0.262511,-0.093166,0.710119,walk
11.6400,0.096289,-0.326295,0.923645,walk
11.6600,0.077115,-0.366338,1.099922,walk
11.6800,-0.135801,-0.311466,1.164532,walk
11.7000,0.071737,-0.336582,1.225176,walk
11.7200,-0.170697,-0.421136,1.115563,walk
11.7400,-0.375447,-0.281486,1.203893,walk
11.7600,-0.305410,-0.063458,1.287819,walk
11.7800,-0.085216,-0.168869,1.290007,walk
11.8000,-0.338981,0.057952,1.109075,walk
11.8200,-0.312320,0.125307,0.990091,walk
11.8400,-0.406698,0.069268,0.925189,walk
11.8600,-0.474958,0.257880,0.856597,walk
11.8800,-0.188522,0.076891,0.786663,walk
11.9000,-0.243893,0.155734,0.672349,walk
11.9200,-0.345810,0.245958,0.683882,walk
11.9400,-0.205524,0.027570,0.717981,walk
11.9600,-0.165281,0.227669,0.729505,walk
11.9800,-0.163303,0.301738,1.056675,walk
12.0000,-0.139843,0.272374,1.097705,walk
12.0200,0.108398,0.285310,1.046960,walk
12.0400,0.148576,0.268827,0.952491,walk
12.0600,0.142752,0.058339,1.355312,walk
12.0800,0.356084,0.139867,1.329994,walk
12.1000,0.568472,0.114028,1.367692,walk
12.1200,0.398181,0.104064,1.082037,walk
12.1400,0.331841,0.035116,0.888861,walk
12.1600,0.452257,-0.013336,1.077258,walk
12.1800,0.354923,0.262227,0.772099,walk
12.2000,0.287117,-0.022185,1.088900,walk
12.2200,0.251281,0.038395,0.697215,walk
12.2400,0.437542,-0.183688,0.977428,walk
12.2600,0.433168,-0.295926,1.047998,walk
12.2800,0.080286,-0.294254,0.969708,walk
12.3000,0.050128,-0.349452,0.866117,walk
12.3200,0.095382,-0.258916,0.863258,walk
12.3400,-0.005427,-0.235665,1.181732,walk
12.3600,-0.066660,-0.415873,1.123280,walk
12.3800,-0.232371,-0.139545,1.025086,walk
12.4000,-0.179141,-0.349245,1.364970,walk
12.4200,-0.214471,-0.183431,1.300001,walk
12.4400,-0.371419,-0.093170,1.221244,walk
12.4600,-0.298790,-0.104580,0.923018,walk
12.4800,-0.444281,0.095535,1.237285,walk
12.5000,-0.389545,-0.012603,0.966475,walk
12.5200,-0.329859,0.114118,0.810060,walk
12.5400,-0.305746,0.233727,0.733377,walk
12.5600,-0.356415,0.207105,0.846069,walk
12.5800,-0.333641,0.152496,0.704105,walk
12.6000,-0.196591,0.285617,0.760294,walk
12.6200,-0.306734,0.162449,0.871054,walk
12.6400,-0.221585,0.313211,0.843482,walk
12.6600,-0.085339,0.302078,1.136302,walk
12.6800,0.079015,0.268068,0.914835,walk
12.7000,0.174831,0.398987,1.207684,walk
12.7200,0.309297,0.310552,1.080755,walk
12.7400,0.250475,0.283641,1.317673,walk
12.7600,0.258898,0.184891,1.282159,walk
12.7800,0.477652,0.245050,1.275714,walk
12.8000,0.420045,-0.009823,1.036850,walk
12.8200,0.387660,0.141758,1.101708,walk
12.8400,0.455320,-0.168993,0.822501,walk
12.8600,0.499422,-0.078071,0.748193,walk
12.8800,0.450148,-0.101930,1.102518,walk
12.9000,0.448607,-0.141666,0.747125,walk
12.9200,0.297048,-0.228956,0.606614,walk
12.9400,0.307083,-0.225813,0.498323,walk
12.9600,0.083697,-0.361807,0.926952,walk
12.9800,0.070547,-0.145945,0.748817,walk
13.0000,-0.107579,-0.193291,0.934478,walk
13.0200,-0.180816,-0.347353,1.016049,walk
13.0400,-0.093317,-0.167116,1.012445,walk
13.0600,-0.243408,-0.251874,1.234426,walk
13.0800,-0.190493,-0.206706,1.191526,walk
13.1000,-0.434796,-0.358807,1.200653,walk
13.1200,-0.360490,-0.035561,1.154851,walk
13.1400,-0.155063,-0.082255,1.072104,walk
13.1600,-0.361151,-0.115893,1.052224,walk
13.1800,-0.603256,0.105209,0.944495,walk
13.2000,-0.359366,0.108186,0.725678,walk
13.2200,-0.440385,0.301169,0.838378,walk
13.2400,-0.367932,0.233335,0.795199,walk
13.2600,-0.059521,0.342189,0.795545,walk
13.2800,-0.237620,0.441261,0.778763,walk
13.3000,-0.210658,0.163292,0.766814,walk
13.3200,-0.086542,0.374175,1.029146,walk
13.3400,0.140223,0.314706,1.114483,walk
13.3600,0.325408,0.381604,1.280727,walk
13.3800,0.019248,0.197268,1.117517,walk
13.4000,-0.032589,0.250073,1.377009,walk
13.4200,0.238056,0.224908,1.164101,walk
13.4400,0.288558,0.189279,1.106629,walk
13.4600,0.489314,-0.081439,1.203360,walk
13.4800,0.343767,0.205129,1.168216,walk
13.5000,0.191584,-0.242240,0.899864,walk
13.5200,0.342692,-0.075115,0.910993,walk
13.5400,0.439270,-0.247036,0.648809,walk
13.5600,0.362977,-0.196846,0.763456,walk
13.5800,0.227404,-0.222685,0.899144,walk
13.6000,0.072787,-0.365258,0.826396,walk
13.6200,0.327052,-0.292013,0.681100,walk
13.6400,-0.100636,-0.264521,0.754626,walk
13.6600,0.242674,-0.065248,0.991297,walk
13.6800,-0.001587,-0.309426,1.176352,walk
13.7000,-0.123914,-0.278981,1.282987,walk
13.7200,-0.130083,-0.049794,1.047399,walk
13.7400,-0.310528,-0.321545,1.329750,walk
13.7600,-0.357564,-0.130994,1.128673,walk
13.7800,-0.359957,0.085173,1.374919,walk
13.8000,-0.568276,-0.056246,1.229582,walk
13.8200,-0.446187,-0.147838,1.128371,walk
13.8400,-0.389128,0.074091,0.952862,walk
13.8600,-0.154317,-0.016777,0.829962,walk
13.8800,-0.310442,0.200908,0.669500,walk
13.9000,-0.193876,0.030524,0.762876,walk
13.9200,-0.304522,0.147928,0.863818,walk
13.9400,-0.449036,0.180220,0.683517,walk
13.9600,-0.059760,0.433975,0.906410,walk
13.9800,0.064576,0.072231,0.924329,walk
14.0000,-0.138303,0.262503,1.024467,walk
14.0200,0.084415,0.432262,0.894168,walk
14.0400,0.063676,0.130870,1.007258,walk
14.0600,0.314909,0.271540,1.381868,walk
14.0800,0.392339,0.225506,1.152545,walk
14.1000,0.422786,0.107175,1.117822,walk
14.1200,0.246890,0.139919,1.319181,walk
14.1400,0.392694,0.197050,1.129573,walk
14.1600,0.356566,0.290955,1.213438,walk
14.1800,0.416537,-0.120819,0.776925,walk
14.2000,0.420558,-0.118256,0.899754,walk
14.2200,0.382827,-0.100898,0.903141,walk
14.2400,0.339627,-0.263572,0.677373,walk
14.2600,0.313282,-0.338337,0.826262,walk
14.2800,0.264121,-0.267280,0.710776,walk
14.3000,-0.054027,-0.397713,0.690461,walk
14.3200,0.052800,-0.341863,0.845761,walk
14.3400,0.062144,-0.286475,1.036092,walk
14.3600,-0.043664,-0.186930,0.960156,walk
14.3800,-0.099644,-0.452342,1.113190,walk
14.4000,-0.133900,-0.173583,1.304238,walk
14.4200,-0.273379,-0.064066,1.095427,walk
14.4400,-0.368247,-0.156013,1.429735,walk
14.4600,-0.269256,-0.006595,1.095002,walk
14.4800,-0.167949,-0.009034,0.991439,walk
14.5000,-0.165464,-0.142691,0.913130,walk
14.5200,-0.416315,-0.041828,0.960690,walk
14.5400,-0.344234,0.121788,1.018244,walk
14.5600,-0.501128,0.297387,0.691328,walk
14.5800,-0.145371,0.395886,0.980649,walk
14.6000,-0.254166,0.126379,0.795028,walk
14.6200,-0.175649,0.095163,0.880926,walk
14.6400,-0.191744,0.434776,0.976078,walk
14.6600,-0.053250,0.303024,0.944410,walk
14.6800,0.004394,0.607465,0.968553,walk
14.7000,0.129141,0.384464,1.108512,walk
14.7200,0.129847,0.129982,1.330286,walk
14.7400,0.326170,0.278147,1.094692,walk
14.7600,0.358564,0.219758,1.211765,walk
14.7800,0.212849,0.138858,1.123998,walk
14.8000,0.388426,0.099039,1.113130,walk
14.8200,0.485048,0.030995,1.115081,walk
14.8400,0.441051,0.081980,0.872261,walk
14.8600,0.352903,0.017592,0.894915,walk
14.8800,0.474511,-0.053210,0.762904,walk
14.9000,0.411658,-0.202084,0.857896,walk
14.9200,0.459195,-0.109531,0.979443,walk
14.9400,0.059173,-0.308136,0.747159,walk
14.9600,0.107221,-0.241688,0.792052,walk
14.9800,0.185563,-0.196210,0.949316,walk
15.0000,-0.101221,-0.245263,1.067429,walk
15.0200,-0.039564,-0.291685,1.232065,walk
15.0400,-0.202088,-0.315603,1.237842,walk
15.0600,-0.161252,-0.168039,1.197806,walk
15.0800,-0.405289,-0.342449,1.206239,walk
15.1000,-0.244364,-0.097109,1.056173,walk
15.1200,-0.308541,-0.136456,1.088418,walk
15.1400,-0.168356,-0.048211,1.203180,walk
15.1600,-0.142458,-0.076949,0.991654,walk
15.1800,-0.247944,-0.093167,0.945224,walk
15.2000,-0.375801,0.189723,0.893593,walk
15.2200,-0.441841,0.241751,0.873433,walk
15.2400,-0.413306,0.122447,0.701847,walk
15.2600,-0.369904,0.337621,0.722044,walk
15.2800,-0.220484,0.159116,0.749464,walk
15.3000,0.024888,0.360146,0.691314,walk
15.3200,-0.149104,0.361195,0.888015,walk
15.3400,-0.030208,0.213359,0.898226,walk
15.3600,0.109005,0.252548,1.234476,walk
15.3800,0.163641,0.174931,1.262009,walk
15.4000,0.369729,0.169131,1.067507,walk
15.4200,0.243691,0.070373,1.413668,walk
15.4400,0.198957,0.127979,1.373559,walk
15.4600,0.459032,0.059071,1.092830,walk
15.4800,0.374765,0.032199,1.241671,walk
15.5000,0.384533,-0.134997,1.098577,walk
15.5200,0.496568,-0.078894,0.985181,walk
15.5400,0.377035,-0.231117,0.820756,walk
15.5600,0.223263,-0.224164,0.679903,walk
15.5800,0.324872,-0.186716,0.618525,walk
15.6000,0.143129,-0.242974,0.808673,walk
15.6200,0.177536,-0.492128,0.936062,walk
15.6400,0.276707,-0.132196,0.933972,walk
15.6600,0.092315,-0.364827,0.987525,walk
15.6800,-0.163196,-0.285458,0.919203,walk
15.7000,-0.065087,-0.320773,1.223653,walk
15.7200,-0.174444,-0.308848,1.295415,walk
15.7400,-0.372310,-0.257639,1.191817,walk
15.7600,-0.233808,-0.198779,1.272574,walk
15.7800,-0.297976,-0.379138,1.118450,walk
15.8000,-0.368830,0.008542,1.204205,walk
15.8200,-0.265769,-0.059762,1.072241,walk
15.8400,-0.449191,-0.024730,0.885623,walk
15.8600,-0.441761,0.055560,0.814406,walk
15.8800,-0.359273,-0.054130,0.850165,walk
15.9000,-0.305861,0.220958,0.715886,walk
15.9200,-0.324641,0.316927,0.735043,walk
15.9400,-0.015676,0.112687,0.749057,walk
15.9600,-0.259987,0.200258,0.749864,walk
15.9800,-0.123026,0.372970,0.793579,walk
16.0000,0.061001,0.155911,0.959447,walk
16.0200,0.206933,0.340890,1.119259,walk
16.0400,0.210260,0.336530,1.233937,walk
16.0600,0.354697,0.149453,1.219133,walk
16.0800,0.337546,0.293655,1.305312,walk
16.1000,0.454260,0.126236,1.102792,walk
16.1200,0.489170,0.127653,1.137760,walk
16.1400,0.391009,0.031379,1.221059,walk
16.1600,0.488227,0.050010,1.085420,walk
16.1800,0.400107,0.065051,0.701496,walk
16.2000,0.263603,-0.096698,0.811706,walk
16.2200,0.255471,-0.082529,0.691080,walk
16.2400,0.329941,-0.178798,0.760198,walk
16.2600,0.172051,-0.250471,0.877122,walk
16.2800,0.247054,-0.166608,0.780910,walk
16.3000,-0.046622,-0.331964,0.837986,walk
16.3200,0.180284,-0.184039,0.980312,walk
16.3400,-0.110769,-0.286563,1.005160,walk
16.3600,-0.123827,-0.413927,1.166829,walk
16.3800,-0.173296,-0.191010,1.046466,walk
16.4000,-0.347812,0.121922,1.149759,walk
16.4200,-0.262829,-0.161589,1.151288,walk
16.4400,-0.164970,-0.167310,1.241155,walk
16.4600,-0.190072,-0.189539,1.122373,walk
16.4800,-0.427466,-0.193479,1.119615,walk
16.5000,-0.352695,0.018332,1.065583,walk
16.5200,-0.306349,0.090085,0.883825,walk
16.5400,-0.249869,0.040771,0.968499,walk
16.5600,-0.357027,0.237228,0.956448,walk
16.5800,-0.518067,0.186138,0.710098,walk
16.6000,-0.064375,0.202023,1.035138,walk
16.6200,-0.323102,0.306399,0.768742,walk
16.6400,-0.048967,0.234061,0.834458,walk
16.6600,-0.207399,0.310225,0.818874,walk
16.6800,-0.080834,0.306321,1.050038,walk
16.7000,0.226316,0.150004,1.189048,walk
16.7200,0.224951,0.232655,1.130718,walk
16.7400,0.247060,0.319553,1.208196,walk
16.7600,0.392935,0.163846,1.418051,walk
16.7800,0.353203,0.126972,1.049999,walk
16.8000,0.237707,0.130834,1.124201,walk
16.8200,0.424974,-0.030864,1.047129,walk
16.8400,0.336841,0.010683,0.946850,walk
16.8600,0.573898,-0.143415,0.991443,walk
16.8800,0.256482,-0.174267,0.723217,walk
16.9000,0.449571,-0.132637,0.775953,walk
16.9200,0.297264,-0.327127,0.890785,walk
16.9400,0.353284,-0.256728,0.775119,walk
16.9600,0.212163,-0.296458,0.808846,walk
16.9800,0.025672,-0.329275,0.860363,walk
17.0000,0.072985,-0.332830,0.957164,walk
17.0200,-0.137635,-0.444636,1.248049,walk
17.0400,-0.096390,-0.192283,1.118147,walk
17.0600,-0.068611,-0.238778,1.371470,walk
17.0800,-0.275156,-0.223157,1.196711,walk
17.1000,-0.315858,-0.153837,1.387034,walk
17.1200,-0.207960,-0.118739,1.314532,walk
17.1400,-0.659198,-0.121636,1.145410,walk
17.1600,-0.310499,0.023473,1.025728,walk
17.1800,-0.442996,-0.042377,1.128024,walk
17.2000,-0.268200,0.223483,0.854114,walk
17.2200,-0.403970,0.199996,0.786456,walk
17.2400,-0.321013,0.188742,0.691133,walk
17.2600,-0.342111,0.206914,0.615886,walk
17.2800,-0.132876,0.346747,0.711964,walk
17.3000,-0.306350,0.324675,0.876897,walk
17.3200,-0.048083,0.164192,0.746053,walk
17.3400,0.196272,0.277767,1.081773,walk
17.3600,0.092401,0.331929,0.992612,walk
17.3800,0.125741,0.135912,1.083913,walk
17.4000,0.164212,0.062050,1.191644,walk
17.4200,0.220499,0.086743,1.236223,walk
17.4400,0.336597,0.077051,1.427404,walk
17.4600,0.443731,0.222603,1.138298,walk
17.4800,0.482275,0.132772,0.990180,walk
17.5000,0.331779,0.291522,0.958878,walk
17.5200,0.441601,-0.077675,0.991109,walk
17.5400,0.272452,-0.210967,0.942297,walk
17.5600,0.357584,-0.408510,0.776135,walk
17.5800,0.273391,-0.134297,0.782599,walk
17.6000,0.269334,-0.233959,0.791283,walk
17.6200,0.055049,-0.352938,0.722141,walk
17.6400,-0.034640,-0.211750,0.987320,walk
17.6600,0.086516,-0.359531,0.914954,walk
17.6800,-0.094121,-0.186345,1.114835,walk
17.7000,0.050284,-0.382275,1.124383,walk
17.7200,-0.318769,-0.404616,1.195556,walk
17.7400,-0.288540,-0.282436,1.092099,walk
17.7600,-0.288528,-0.219614,1.337058,walk
17.7800,-0.295472,-0.275700,1.250651,walk
17.8000,-0.440309,0.060545,1.143987,walk
17.8200,-0.447197,-0.078254,0.912083,walk
17.8400,-0.271765,0.230773,0.795687,walk
17.8600,-0.412613,0.063566,0.820134,walk
17.8800,-0.240177,0.252478,0.782837,walk
17.9000,-0.116479,0.179613,0.738045,walk
17.9200,-0.245838,0.144087,0.895807,walk
17.9400,-0.152667,0.217804,0.755241,walk
17.9600,-0.238027,0.305184,0.699499,walk
17.9800,-0.074636,0.242966,0.964674,walk
18.0000,0.104257,0.378694,0.987743,walk
18.0200,0.003990,0.264720,1.090368,walk
18.0400,0.196042,0.222115,1.074409,walk
18.0600,0.231673,0.389179,1.413439,walk
18.0800,0.353139,0.119664,1.390366,walk
18.1000,0.239041,0.099278,1.280525,walk
18.1200,0.223898,0.207902,1.187265,walk
18.1400,0.427346,-0.007736,1.205081,walk
18.1600,0.450523,-0.017496,1.125861,walk
18.1800,0.130817,-0.001369,0.927074,walk
18.2000,0.300923,-0.074984,0.903034,walk
18.2200,0.276826,-0.156479,0.784776,walk
18.2400,0.347494,-0.068550,0.708033,walk
18.2600,0.386661,-0.361576,0.784506,walk
18.2800,0.020741,-0.255714,0.861143,walk
18.3000,0.325904,-0.280381,0.778222,walk
18.3200,0.152783,-0.293519,0.947661,walk
18.3400,0.066586,-0.190133,0.858120,walk
18.3600,-0.094321,-0.292215,1.013481,walk
18.3800,-0.332702,-0.278133,1.146255,walk
18.4000,-0.307584,-0.256442,1.202662,walk
18.4200,-0.289828,-0.047685,1.246494,walk
18.4400,-0.149694,-0.036338,1.322965,walk
18.4600,-0.444761,-0.139781,1.079164,walk
18.4800,-0.351327,-0.062921,1.136201,walk
18.5000,-0.369748,0.016785,0.964309,walk
18.5200,-0.490214,0.012046,0.979630,walk
18.5400,-0.388299,0.104435,0.915644,walk
18.5600,-0.288974,0.013267,0.765752,walk
18.5800,-0.378717,0.199946,0.789520,walk
18.6000,-0.184173,0.409084,0.712154,walk
18.6200,-0.199806,0.328851,0.903570,walk
18.6400,-0.202618,0.359247,0.946109,walk
18.6600,-0.040152,0.271298,1.041931,walk
18.6800,0.092850,0.337705,0.988993,walk
18.7000,-0.048624,0.275917,1.119836,walk
18.7200,0.238516,0.186441,1.274552,walk
18.7400,0.295931,0.157141,1.340075,walk
18.7600,0.273914,0.121580,1.270659,walk
18.7800,0.349051,0.054021,1.273096,walk
18.8000,0.379507,0.016884,0.971550,walk
18.8200,0.439488,0.047502,1.074111,walk
18.8400,0.536893,-0.267899,1.095587,walk
18.8600,0.523813,-0.172615,0.981029,walk
18.8800,0.280735,-0.231984,0.797232,walk
18.9000,0.506372,-0.140169,0.767221,walk
18.9200,0.362387,-0.280940,0.900245,walk
18.9400,0.371393,-0.210377,0.694966,walk
18.9600,0.254451,-0.249464,0.893230,walk
18.9800,0.188609,-0.251043,0.817715,walk
19.0000,0.149032,-0.272073,1.032416,walk
19.0200,-0.013443,-0.263513,1.166826,walk
19.0400,-0.127504,-0.296692,1.116118,walk
19.0600,-0.265463,-0.282115,1.325151,walk
19.0800,-0.307508,-0.229798,1.239400,walk
19.1000,-0.270220,-0.111437,1.435209,walk
19.1200,-0.501237,-0.150529,1.249931,walk
19.1400,-0.555945,0.099527,1.108828,walk
19.1600,-0.478610,0.078238,0.811533,walk
19.1800,-0.375622,-0.061550,0.936336,walk
19.2000,-0.343017,0.171958,0.894186,walk
19.2200,-0.141884,0.150724,0.754725,walk
19.2400,-0.185593,0.184697,0.796250,walk
19.2600,-0.648697,0.276478,0.746951,walk
19.2800,-0.236192,0.197257,0.879233,walk
19.3000,-0.327774,0.600233,0.968466,walk
19.3200,-0.013153,0.487672,0.965293,walk
19.3400,-0.064381,0.402116,0.867730,walk
19.3600,0.159482,0.410385,1.173935,walk
19.3800,0.025191,0.291960,1.180320,walk
19.4000,0.160893,0.011507,1.119214,walk
19.4200,0.241514,0.317919,1.524822,walk
19.4400,0.423410,0.081922,1.184103,walk
19.4600,0.480129,0.171816,1.210228,walk
19.4800,0.416724,0.176144,1.315626,walk
19.5000,0.400960,0.015878,1.050442,walk
19.5200,0.346699,-0.275477,0.957342,walk
19.5400,0.298553,0.021223,0.847106,walk
19.5600,0.487474,-0.246504,0.886912,walk
19.5800,0.128424,-0.111598,0.726769,walk
19.6000,0.328857,-0.278516,0.830482,walk
19.6200,0.220575,-0.233133,0.851640,walk
19.6400,0.267520,-0.346705,1.019903,walk
19.6600,-0.010296,-0.178713,1.202639,walk
19.6800,-0.129965,-0.513238,1.078545,walk
19.7000,-0.192776,-0.337965,1.114020,walk
19.7200,-0.246080,-0.119792,1.323621,walk
19.7400,-0.139059,0.000060,1.168495,walk
19.7600,-0.557883,0.011128,1.270619,walk
19.7800,-0.356091,-0.324818,1.075912,walk
19.8000,-0.311232,-0.107019,0.931659,walk
19.8200,-0.490894,0.067313,1.190040,walk
19.8400,-0.377795,0.302237,1.071339,walk
19.8600,-0.206407,0.207936,0.962685,walk
19.8800,-0.495851,-0.032302,0.733237,walk
19.9000,-0.297771,0.176444,0.799706,walk
19.9200,-0.275819,0.266467,0.849248,walk
19.9400,-0.213536,0.224500,0.511664,walk
19.9600,-0.060028,0.201599,0.737949,walk
19.9800,0.011816,0.386530,0.975965,walk
20.0000,0.142951,0.535891,0.965620,run
20.0200,0.227677,0.916591,1.453098,run
20.0400,0.545759,0.659928,1.549549,run
20.0600,0.765550,0.414941,1.556351,run
20.0800,0.866695,-0.073727,1.213659,run
20.1000,0.844450,-0.302970,0.700704,run
20.1200,0.734355,-0.356033,0.643108,run
20.1400,0.533051,-0.477438,0.455360,run
20.1600,0.370698,-0.602508,0.781410,run
20.1800,0.192955,-0.742204,0.786133,run
20.2000,-0.342993,-0.529429,1.346014,run
20.2200,-0.551693,-0.780557,1.371684,run
20.2400,-0.713255,-0.212825,1.302734,run
20.2600,-0.836364,-0.203104,0.963609,run
20.2800,-0.868890,0.180960,0.852271,run
20.3000,-0.650388,0.626646,0.689899,run
20.3200,-0.601265,0.696747,0.297182,run
20.3400,-0.252234,0.826427,0.818240,run
20.3600,0.169456,0.985622,0.939069,run
20.3800,0.471453,0.630162,1.527355,run
20.4000,0.633735,0.627590,1.731029,run
20.4200,0.899095,0.282396,1.345632,run
20.4400,0.790145,0.234717,1.308983,run
20.4600,0.837822,-0.436954,0.675183,run
20.4800,0.812635,-0.531830,0.243687,run
20.5000,0.462343,-0.872340,0.573288,run
20.5200,0.185496,-0.664379,0.931911,run
20.5400,-0.203984,-1.020197,1.070858,run
20.5600,-0.302594,-0.851506,1.321857,run
20.5800,-0.684465,-0.493902,1.407636,run
20.6000,-0.414825,-0.337413,1.413235,run
20.6200,-0.969233,-0.457962,1.294647,run
20.6400,-1.342363,0.386112,0.549974,run
20.6600,-0.938544,0.387966,0.857890,run
20.6800,-0.462602,0.547784,0.417676,run
20.7000,-0.126212,0.622495,0.866194,run
20.7200,-0.204196,0.775732,1.147554,run
20.7400,0.189371,0.474688,1.371038,run
20.7600,0.575302,0.529061,1.284443,run
20.7800,0.691032,0.599135,1.242400,run
20.8000,0.834308,0.017392,1.020893,run
20.8200,1.043705,-0.285339,0.855042,run
20.8400,0.593092,-0.302572,0.488627,run
20.8600,0.465541,-0.599562,0.624917,run
20.8800,0.022824,-0.827736,1.087026,run
20.9000,-0.036826,-0.748613,1.220658,run
20.9200,-0.422642,-0.959406,1.432369,run
20.9400,-0.682043,-0.420363,1.381858,run
20.9600,-0.865637,-0.094527,1.328698,run
20.9800,-0.963705,0.028375,0.978538,run
21.0000,-0.695772,0.190136,0.760613,run
21.0200,-0.813279,0.245332,0.622080,run
21.0400,-0.433358,0.691312,0.663582,run
21.0600,-0.400128,0.703866,0.503440,run
21.0800,0.213107,0.529212,1.218617,run
21.1000,0.542471,0.532495,1.418707,run
21.1200,0.862174,0.211525,1.591776,run
21.1400,0.858653,0.391710,1.085222,run
21.1600,0.900459,0.174426,1.216440,run
21.1800,0.733303,-0.274904,0.962366,run
21.2000,0.480490,-0.453059,0.535470,run
21.2200,0.479500,-0.744883,0.709579,run
21.2400,0.290801,-0.416774,0.708733,run
21.2600,-0.229775,-0.524706,1.444621,run
21.2800,-0.454757,-0.833950,1.402680,run
21.3000,-0.548755,-0.344482,1.658086,run
21.3200,-0.559953,-0.297671,1.178180,run
21.3400,-1.080335,-0.009621,1.140297,run
21.3600,-0.581819,0.282304,0.669204,run
21.3800,-0.698759,0.643568,0.390468,run
21.4000,-0.449318,0.601806,0.573762,run
21.4200,0.136030,0.558260,1.219770,run
21.4400,0.081443,0.562825,1.096556,run
21.4600,0.569966,0.593584,1.615104,run
21.4800,0.584110,0.181519,1.430176,run
21.5000,0.897917,-0.004151,1.277916,run
21.5200,0.979698,-0.147382,0.838740,run
21.5400,0.668293,-0.287363,0.717124,run
21.5600,1.075895,-0.297951,0.312677,run
21.5800,0.183102,-0.638237,0.827629,run
21.6000,0.211371,-0.773579,1.025901,run
21.6200,0.004759,-0.462908,1.058596,run
21.6400,-0.426142,-0.778446,1.336801,run
21.6600,-0.913201,-0.457826,1.263859,run
21.6800,-0.746431,-0.201362,1.143528,run
21.7000,-0.825408,0.273565,0.989141,run
21.7200,-0.911266,0.239456,0.615625,run
21.7400,-0.753508,0.228798,0.443581,run
21.7600,-0.206996,0.505498,0.317305,run
21.7800,-0.103643,0.861887,0.641781,run
21.8000,0.252326,0.739725,1.321405,run
21.8200,0.594106,0.667694,1.229573,run
21.8400,0.827114,0.610928,1.438247,run
21.8600,0.924556,0.030427,1.447259,run
21.8800,0.803763,0.185927,0.855497,run
21.9000,0.916009,-0.378058,0.896406,run
21.9200,0.336565,-0.442677,0.188122,run
21.9400,0.192222,-0.353275,0.759077,run
21.9600,-0.233787,-0.698916,0.831937,run
21.9800,-0.160187,-0.395858,1.360671,run
22.0000,-0.463809,-0.490106,1.311652,run
22.0200,-0.642366,-0.251649,1.370685,run
22.0400,-0.970841,0.051948,1.261158,run
22.0600,-1.064848,0.015387,0.819237,run
22.0800,-0.814134,0.302961,0.561825,run
22.1000,-0.365002,0.635120,0.723435,run
22.1200,-0.606434,0.660833,0.816062,run
22.1400,0.063592,0.597214,0.836425,run
22.1600,0.411340,0.636528,1.380880,run
22.1800,0.570629,0.538147,1.500763,run
22.2000,0.635455,0.630256,1.534641,run
22.2200,1.089442,0.069025,1.126107,run
22.2400,0.843529,-0.225692,0.965247,run
22.2600,0.900938,-0.406463,0.536752,run
22.2800,0.655901,-0.635047,0.441795,run
22.3000,0.565385,-0.762830,0.580203,run
22.3200,0.398327,-1.018735,0.797222,run
22.3400,-0.019254,-0.724401,1.378940,run
22.3600,-0.246974,-0.652479,1.399908,run
22.3800,-0.710156,-0.371481,1.362406,run
22.4000,-0.904057,-0.330386,1.253921,run
22.4200,-0.762843,0.089628,0.805956,run
22.4400,-0.700848,0.264174,0.525017,run
22.4600,-0.592600,0.754511,0.499274,run
22.4800,-0.327238,0.632492,0.618903,run
22.5000,-0.144738,0.562133,1.129053,run
22.5200,0.224813,0.670966,1.252088,run
22.5400,0.383163,0.463997,1.702884,run
22.5600,0.720978,0.243453,1.364582,run
22.5800,0.837822,0.148122,1.098724,run
22.6000,0.869419,-0.204804,0.869563,run
22.6200,0.818463,-0.328355,0.653824,run
22.6400,0.550035,-0.362982,0.581295,run
22.6600,0.512025,-0.674926,0.736854,run
22.6800,-0.124944,-0.697435,1.147826,run
22.7000,-0.386137,-0.427017,1.346124,run
22.7200,-0.361934,-0.679479,1.455276,run
22.7400,-0.868516,-0.177898,1.511613,run
22.7600,-0.902877,-0.164823,1.132450,run
22.7800,-0.770853,0.273766,0.783870,run
22.8000,-0.826957,0.390389,0.566977,run
22.8200,-0.509256,0.487769,0.778380,run
22.8400,-0.361656,0.895276,0.925415,run
22.8600,0.187287,0.980225,1.133556,run
22.8800,0.304733,0.565702,1.259493,run
22.9000,0.741694,0.288188,1.285660,run
22.9200,1.034329,0.465800,1.462933,run
22.9400,1.032753,0.195143,1.084105,run
22.9600,0.654173,0.026914,0.837139,run
22.9800,0.541104,-0.368468,0.467153,run
23.0000,0.511703,-0.615508,0.607153,run
23.0200,0.214394,-0.846662,0.838364,run
23.0400,0.005076,-0.911878,1.136482,run
23.0600,-0.239794,-0.659949,1.405278,run
23.0800,-0.747034,-0.760586,1.578235,run
23.1000,-0.827527,-0.233605,1.350040,run
23.1200,-0.935574,-0.037152,1.078013,run
23.1400,-0.738902,0.119006,0.531529,run
23.1600,-0.713088,0.208820,0.148409,run
23.1800,-0.675059,0.510685,0.413444,run
23.2000,-0.454321,0.644311,0.941593,run
23.2200,0.214738,0.697701,1.238023,run
23.2400,0.327345,0.497284,1.494913,run
23.2600,0.485741,0.535659,1.495794,run
23.2800,0.769305,0.213326,1.539339,run
23.3000,0.659819,0.084303,1.019381,run
23.3200,0.751456,-0.193672,0.774173,run
23.3400,0.712419,-0.381778,0.732965,run
23.3600,0.401620,-0.523577,0.281590,run
23.3800,0.270387,-0.962210,0.876146,run
23.4000,-0.184076,-0.669861,0.906022,run
23.4200,-0.410018,-0.498094,1.501147,run
23.4400,-0.666349,-0.473704,1.669882,run
23.4600,-0.722171,-0.359560,1.264351,run
23.4800,-1.001340,-0.031731,0.863563,run
23.5000,-1.179707,0.183566,0.744040,run
23.5200,-0.679696,0.595250,0.320309,run
23.5400,-0.549631,0.379332,0.589954,run
23.5600,-0.195426,0.613775,0.810529,run
23.5800,0.029170,0.538752,1.385597,run
23.6000,0.555130,0.585790,1.190948,run
23.6200,0.646682,0.545748,1.520713,run
23.6400,0.992268,0.433520,1.320324,run
23.6600,0.829716,-0.065363,0.950544,run
23.6800,0.984374,-0.296596,0.434038,run
23.7000,0.763207,-0.461037,0.438778,run
23.7200,0.158735,-0.429239,0.669361,run
23.7400,-0.013012,-0.666429,0.665119,run
23.7600,-0.361611,-1.004001,1.289222,run
23.7800,-0.321273,-0.651222,1.426116,run
23.8000,-0.430222,-0.559506,1.313431,run
23.8200,-0.829560,-0.150549,1.269313,run
23.8400,-1.113842,-0.106286,1.090186,run
23.8600,-0.733683,-0.001115,0.483603,run
23.8800,-0.826599,0.455793,0.835792,run
23.9000,-0.476452,0.622730,0.458264,run
23.9200,0.252594,0.601768,0.774717,run
23.9400,0.203172,0.487244,1.317002,run
23.9600,0.471408,0.469288,1.357549,run
23.9800,0.423554,0.349169,1.144622,run
24.0000,0.788381,0.141976,1.205546,run
24.0200,0.811933,-0.152680,1.147441,run
24.0400,1.048454,-0.291279,0.820226,run
24.0600,0.617787,-0.518098,0.377616,run
24.0800,0.518242,-0.528986,0.398260,run
24.1000,0.136797,-0.772034,0.740367,run
24.1200,-0.205698,-0.969995,1.153467,run
24.1400,-0.208328,-0.520919,1.287284,run
24.1600,-0.638405,-0.405241,1.431139,run
24.1800,-0.950535,-0.199410,1.184338,run
24.2000,-0.924204,0.154879,1.059691,run
24.2200,-1.018187,0.211776,0.872280,run
24.2400,-0.378796,0.541022,0.741791,run
24.2600,-0.212176,0.609785,0.307412,run
24.2800,-0.099501,0.504138,0.920601,run
24.3000,0.485750,0.715314,1.123102,run
24.3200,0.335142,0.282030,1.181261,run
24.3400,0.978720,0.532695,1.451840,run
24.3600,0.845898,0.174794,1.250052,run
24.3800,1.105338,-0.002977,0.615123,run
24.4000,0.973444,-0.587518,0.553814,run
24.4200,0.424476,-0.492021,0.311469,run
24.4400,0.166270,-0.794054,0.744946,run
24.4600,0.039935,-0.597933,1.128932,run
24.4800,-0.209905,-0.587904,1.117164,run
24.5000,-0.541691,-0.738639,1.558601,run
24.5200,-0.611603,-0.244938,1.458304,run
24.5400,-0.740150,-0.187349,1.145568,run
24.5600,-0.818942,0.187893,1.218414,run
24.5800,-0.695088,0.148728,0.452499,run
24.6000,-0.811349,0.521884,0.336034,run
24.6200,-0.147887,0.600436,0.736109,run
24.6400,-0.022466,0.750689,0.794343,run
24.6600,0.262314,0.604300,1.268442,run
24.6800,0.565841,0.658014,1.412857,run
24.7000,0.883436,0.424464,1.698228,run
24.7200,0.382652,0.052003,1.395974,run
24.7400,0.513228,0.126242,0.875855,run
24.7600,0.487728,-0.220654,0.426816,run
24.7800,0.462489,-0.302462,0.445160,run
24.8000,0.187409,-0.349649,0.797088,run
24.8200,-0.027568,-0.818201,0.944284,run
24.8400,-0.052255,-0.810345,1.112883,run
24.8600,-0.373740,-0.587242,1.503703,run
24.8800,-0.693042,-0.418619,1.077533,run
24.9000,-0.915884,0.054990,1.509929,run
24.9200,-0.905698,0.109545,1.044348,run
24.9400,-0.693810,0.389222,0.274367,run
24.9600,-0.644803,0.565923,0.279551,run
24.9800,-0.365086,0.913391,0.637900,run
25.0000,-0.215154,0.416935,0.998307,run
25.0200,0.223520,0.526836,1.357654,run
25.0400,0.625071,0.559897,1.545916,run
25.0600,0.598816,0.248834,1.379839,run
25.0800,0.879944,0.262282,1.051243,run
25.1000,0.767423,0.091941,0.839705,run
25.1200,0.562068,-0.406753,0.373426,run
25.1400,0.394378,-0.745063,0.391970,run
25.1600,0.597807,-0.511397,0.903285,run
25.1800,0.140525,-0.720011,1.085638,run
25.2000,-0.315889,-0.811055,1.167909,run
25.2200,-0.464358,-0.704918,1.526945,run
25.2400,-0.696247,-0.216582,1.470688,run
25.2600,-1.071524,-0.015394,1.115736,run
25.2800,-1.026174,-0.149908,0.860493,run
25.3000,-0.992762,0.118980,0.809774,run
25.3200,-0.727343,0.492797,0.528078,run
25.3400,-0.256805,0.515509,0.610117,run
25.3600,0.166068,0.657298,1.046709,run
25.3800,0.027846,0.558108,1.488766,run
25.4000,0.506712,0.367549,1.555249,run
25.4200,0.894256,0.363929,1.315829,run
25.4400,1.006694,0.323345,1.287630,run
25.4600,0.639969,0.273875,0.571370,run
25.4800,0.563649,-0.344154,0.523307,run
25.5000,0.583209,-0.369566,0.664049,run
25.5200,0.111635,-0.662609,0.889094,run
25.5400,0.090143,-0.529343,1.197730,run
25.5600,-0.266753,-0.714102,1.179399,run
25.5800,-0.569026,-0.566179,1.686638,run
25.6000,-0.945228,-0.355224,1.321042,run
25.6200,-0.751474,0.051221,1.090935,run
25.6400,-0.825041,0.424803,0.483789,run
25.6600,-0.622500,0.566297,0.710646,run
25.6800,-0.390167,0.460386,0.451980,run
25.7000,-0.124494,0.589614,0.729372,run
25.7200,-0.135462,0.517599,1.151854,run
25.7400,0.329504,0.515771,1.364973,run
25.7600,0.693487,0.446370,1.525532,run
25.7800,0.836989,0.244309,1.367054,run
25.8000,0.765134,-0.031286,0.787106,run
25.8200,0.687705,-0.377571,0.666970,run
25.8400,0.890959,-0.419888,0.543309,run
25.8600,0.350388,-0.543203,0.796746,run
25.8800,0.188758,-0.805879,0.606561,run
25.9000,-0.073364,-0.835676,1.231353,run
25.9200,-0.565469,-0.870113,1.480163,run
25.9400,-0.857817,-0.381813,1.653681,run
25.9600,-0.921491,-0.234600,1.560149,run
25.9800,-0.969085,0.213385,0.988380,run
26.0000,-0.996607,0.230944,0.739876,run
26.0200,-0.537505,0.565464,0.569613,run
26.0400,-0.374230,0.622828,0.671895,run
26.0600,-0.257545,0.523709,0.835597,run
26.0800,0.538577,0.813208,1.043518,run
26.1000,0.642665,0.333742,1.384379,run
26.1200,0.738440,0.358624,1.406103,run
26.1400,0.815396,0.168113,1.215384,run
26.1600,0.737296,-0.225212,0.867603,run
26.1800,0.833459,-0.082018,0.586645,run
26.2000,0.511708,-0.205380,0.337368,run
26.2200,0.467450,-0.745203,0.457070,run
26.2400,0.215506,-0.620021,1.018330,run
26.2600,-0.057207,-0.666090,1.266007,run
26.2800,-0.607797,-0.423168,1.514992,run
26.3000,-0.619993,-0.356421,1.269187,run
26.3200,-1.018781,-0.213131,1.335586,run
26.3400,-0.813673,0.024783,0.959758,run
26.3600,-0.652228,0.301924,0.778993,run
26.3800,-0.499545,0.649204,0.552423,run
26.4000,-0.324712,0.653315,0.738715,run
26.4200,0.206891,0.535322,0.738569,run
26.4400,0.417292,0.713818,1.131201,run
26.4600,0.368538,0.736311,1.530975,run
26.4800,1.008822,0.418822,1.621053,run
26.5000,1.104034,0.001224,1.135884,run
26.5200,0.940074,-0.112268,0.899114,run
26.5400,0.733431,-0.288034,0.513071,run
26.5600,0.471800,-0.414956,0.520657,run
26.5800,0.560452,-0.543403,0.655423,run
26.6000,0.225734,-0.831709,0.800887,run
26.6200,-0.160614,-0.541937,1.315541,run
26.6400,-0.523552,-0.614213,1.495100,run
26.6600,-0.894868,-0.291249,1.595105,run
26.6800,-0.723313,-0.050498,1.422880,run
26.7000,-1.180833,0.077745,0.722854,run
26.7200,-0.966622,0.262114,0.808701,run
26.7400,-0.598605,0.520273,0.768199,run
26.7600,-0.357251,0.487125,0.397774,run
26.7800,-0.221265,0.713250,0.669048,run
26.8000,0.289557,0.724342,1.132874,run
26.8200,0.526162,0.653945,1.372374,run
26.8400,0.844626,0.296793,1.559623,run
26.8600,1.087489,0.230897,1.060791,run
26.8800,0.909827,-0.049337,0.783307,run
26.9000,0.625420,-0.355289,0.744997,run
26.9200,0.755068,-0.318092,0.493312,run
26.9400,0.667630,-0.763997,0.688996,run
26.9600,0.031554,-0.474301,0.929725,run
26.9800,-0.400469,-0.637143,1.094288,run
27.0000,-0.659844,-0.427358,1.472481,run
27.0200,-0.619198,-0.520860,1.657057,run
27.0400,-0.900767,-0.459155,1.095433,run
27.0600,-1.103868,-0.140573,0.964439,run
27.0800,-0.749609,0.402490,0.488624,run
27.1000,-0.536336,0.290067,0.428553,run
27.1200,-0.376050,0.558615,0.654914,run
27.1400,-0.048631,0.769783,0.995347,run
27.1600,0.410630,0.596369,1.381362,run
27.1800,0.588759,0.592257,1.502749,run
27.2000,0.436423,0.662701,1.315116,run
27.2200,0.760074,0.100060,1.010687,run
27.2400,1.153298,-0.189408,0.760952,run
27.2600,0.669610,-0.263937,0.794078,run
27.2800,0.640323,-0.638287,0.701611,run
27.3000,0.373847,-0.759206,0.646924,run
27.3200,0.042318,-0.664218,0.975120,run
27.3400,-0.285262,-0.383548,1.729021,run
27.3600,-0.538970,-0.682505,1.331099,run
27.3800,-0.649804,-0.603717,1.413875,run
27.4000,-0.824817,-0.103916,1.123364,run
27.4200,-0.612352,0.233284,0.768902,run
27.4400,-0.665677,0.317317,0.493798,run
27.4600,-0.643488,0.711088,0.422799,run
27.4800,-0.320874,0.810120,0.722089,run
27.5000,0.036061,0.600204,1.349628,run
27.5200,0.432923,0.301831,1.519156,run
27.5400,0.389440,0.327904,1.388653,run
27.5600,0.971844,0.304046,1.460357,run
27.5800,0.637516,0.275171,1.120386,run
27.6000,0.690665,-0.082444,0.889419,run
27.6200,0.784527,-0.166394,0.646399,run
27.6400,0.790255,-0.553142,0.527799,run
27.6600,0.418476,-0.489171,0.646069,run
27.6800,0.260259,-0.682476,1.025848,run
27.7000,-0.265036,-0.779201,1.095373,run
27.7200,-0.291046,-0.362520,1.358213,run
27.7400,-0.773498,-0.235964,1.342104,run
27.7600,-0.676447,-0.170630,1.285336,run
27.7800,-0.974106,0.224481,1.025291,run
27.8000,-0.688731,0.301867,0.580836,run
27.8200,-0.438409,0.491585,0.458070,run
27.8400,-0.003036,0.877949,0.616876,run
27.8600,-0.152527,0.506603,0.882963,run
27.8800,0.309643,0.632805,1.152591,run
27.9000,0.639282,0.074797,1.519988,run
27.9200,1.045631,0.131602,0.968832,run
27.9400,0.919233,0.184101,1.050873,run
27.9600,0.908779,0.028111,1.023615,run
27.9800,0.837239,-0.575213,0.562874,run
28.0000,0.378964,-0.568646,0.488263,run
28.0200,0.160014,-0.443746,0.703262,run
28.0400,-0.289937,-0.641080,1.178029,run
28.0600,-0.365281,-0.753303,1.312266,run
28.0800,-0.720707,-0.573777,1.394693,run
28.1000,-0.847500,-0.501416,1.422273,run
28.1200,-1.013874,0.070068,1.144699,run
28.1400,-0.642978,-0.022053,0.959869,run
28.1600,-0.752191,0.497137,0.661968,run
28.1800,-0.366364,0.585711,0.601022,run
28.2000,-0.237574,0.787154,0.625357,run
28.2200,0.151008,0.927375,1.400823,run
28.2400,0.553618,0.848787,1.471685,run
28.2600,0.806350,0.777313,1.491507,run
28.2800,0.585555,0.256488,1.396654,run
28.3000,0.774635,-0.135725,0.988719,run
28.3200,0.678168,-0.062614,0.982504,run
28.3400,0.822717,-0.627722,0.551800,run
28.3600,0.363012,-0.544309,0.418908,run
28.3800,0.349271,-0.576820,0.733352,run
28.4000,-0.037130,-0.685000,1.383459,run
28.4200,-0.698858,-0.559762,1.594621,run
28.4400,-0.718780,-0.547596,1.524662,run
28.4600,-0.970530,-0.346333,1.197697,run
28.4800,-0.925990,-0.340179,0.947247,run
28.5000,-0.772182,0.159531,0.644323,run
28.5200,-0.572815,0.669171,0.403600,run
28.5400,-0.291915,0.333123,0.426205,run
28.5600,-0.099370,0.724550,0.822180,run
28.5800,0.264932,0.661648,1.262896,run
28.6000,0.360231,0.519291,1.140928,run
28.6200,0.780280,0.329437,1.646360,run
28.6400,0.992349,0.216160,1.346094,run
28.6600,0.929601,-0.021960,0.793775,run
28.6800,1.065553,-0.318147,0.765575,run
28.7000,0.737166,-0.402748,0.541697,run
28.7200,0.590073,-0.735356,0.713719,run
28.7400,0.182400,-0.683311,0.765414,run
28.7600,-0.164332,-0.602321,0.996529,run
28.7800,-0.711348,-0.645962,1.540406,run
28.8000,-0.738319,-0.240519,1.685547,run
28.8200,-0.638315,-0.015130,1.353378,run
28.8400,-0.814887,-0.093518,0.584609,run
28.8600,-0.780087,0.133728,0.636818,run
28.8800,-1.051638,0.594241,0.474507,run
28.9000,-0.522191,0.440176,0.455945,run
28.9200,-0.262238,0.546400,0.639524,run
28.9400,0.148268,0.635178,1.324594,run
28.9600,0.209932,0.528823,1.313218,run
28.9800,0.758797,0.424644,1.613169,run
29.0000,1.131678,0.216472,1.373392,run
29.0200,0.786916,-0.045408,0.966065,run
29.0400,1.153399,-0.436779,0.628567,run
29.0600,0.666679,-0.585882,0.554800,run
29.0800,0.415748,-0.603766,0.483504,run
29.1000,0.222988,-0.834048,0.819833,run
29.1200,-0.074740,-0.472486,1.106023,run
29.1400,-0.398328,-0.599070,1.614219,run
29.1600,-0.704691,-0.163975,1.709153,run
29.1800,-1.008656,-0.248531,1.160622,run
29.2000,-0.910346,-0.228635,0.686281,run
29.2200,-0.670747,0.333145,0.744266,run
29.2400,-0.783980,0.327893,0.471321,run
29.2600,-0.185978,0.640895,0.634304,run
29.2800,0.086341,0.753417,0.927440,run
29.3000,0.287930,0.649405,1.476885,run
29.3200,0.494888,0.468395,1.569405,run
29.3400,0.876706,0.333538,1.580093,run
29.3600,1.030324,-0.320170,0.993110,run
29.3800,0.956596,-0.201079,1.165453,run
29.4000,0.862954,-0.313286,0.624008,run
29.4200,0.575403,-0.594358,0.518314,run
29.4400,0.523376,-0.869135,0.658992,run
29.4600,0.000352,-0.685098,0.812119,run
29.4800,-0.224081,-0.834245,1.259544,run
29.5000,-0.568052,-0.816101,1.538269,run
29.5200,-1.169315,-0.446166,1.238951,run
29.5400,-0.835917,-0.215957,1.352334,run
29.5600,-0.924566,0.047054,1.055955,run
29.5800,-0.874180,0.309415,0.813155,run
29.6000,-0.516807,0.807711,0.569846,run
29.6200,-0.431683,0.805270,0.778196,run
29.6400,-0.086188,0.780132,0.937456,run
29.6600,0.342048,0.673297,1.264148,run
29.6800,0.800454,0.624227,1.283112,run
29.7000,0.791157,0.330204,1.499366,run
29.7200,0.915530,0.203342,0.952427,run
29.7400,0.656229,0.113635,0.859528,run
29.7600,0.994777,-0.250352,0.504737,run
29.7800,0.346132,-0.445367,0.580789,run
29.8000,0.593989,-0.681221,0.669146,run
29.8200,-0.248593,-0.790809,1.011770,run
29.8400,-0.341469,-0.794062,1.516628,run
29.8600,-0.324520,-0.705146,1.503473,run
29.8800,-0.836048,-0.137385,1.476764,run
29.9000,-0.794466,-0.271422,1.383187,run
29.9200,-0.932860,0.393284,1.003397,run
29.9400,-0.880809,0.423947,0.607750,run
29.9600,-0.615545,0.646191,0.502836,run
29.9800,-0.305959,0.562382,0.564811,run
30.0000,0.003830,0.008934,1.053794,sit
30.0200,-0.067729,0.005624,1.079694,sit
30.0400,-0.033902,-0.052173,0.953671,sit
30.0600,0.039573,-0.063308,1.000975,sit
30.0800,-0.033460,-0.028774,0.984685,sit
30.1000,-0.018728,-0.018378,0.997302,sit
30.1200,0.013447,-0.022676,1.023530,sit
30.1400,-0.023980,-0.022705,1.002093,sit
30.1600,-0.085811,-0.041048,0.966601,sit
30.1800,-0.051140,-0.011578,0.963338,sit
30.2000,-0.045560,0.050800,1.104123,sit
30.2200,0.049697,0.014905,1.056199,sit
30.2400,0.015709,-0.013034,1.005576,sit
30.2600,-0.016793,-0.110241,0.957931,sit
30.2800,-0.041450,0.024180,0.975949,sit
30.3000,-0.089988,-0.001429,1.014334,sit
30.3200,0.038465,0.018215,1.119530,sit
30.3400,-0.043370,0.065858,1.046051,sit
30.3600,-0.031769,-0.006405,0.962693,sit
30.3800,-0.006196,-0.022153,0.977756,sit
30.4000,-0.000262,-0.051790,1.056227,sit
30.4200,0.043906,-0.034764,1.043134,sit
30.4400,-0.052570,-0.089201,1.015745,sit
30.4600,0.027327,-0.036967,1.026310,sit
30.4800,0.098024,0.150619,0.956353,sit
30.5000,0.016333,-0.061428,1.141574,sit
30.5200,-0.021792,0.043000,1.004723,sit
30.5400,-0.052853,-0.010342,0.932318,sit
30.5600,-0.031997,-0.013406,1.011247,sit
30.5800,-0.113586,-0.003280,1.127650,sit
30.6000,-0.047587,0.016293,0.978842,sit
30.6200,-0.141111,-0.049771,0.965826,sit
30.6400,0.042349,-0.001754,0.988985,sit
30.6600,0.033661,0.006457,0.991753,sit
30.6800,0.033411,-0.068812,0.989688,sit
30.7000,0.062666,-0.107006,0.960467,sit
30.7200,0.007816,0.011456,0.983184,sit
30.7400,0.021496,-0.044327,1.048972,sit
30.7600,0.009735,0.090759,1.042330,sit
30.7800,0.027580,0.070805,0.959838,sit
30.8000,-0.014661,-0.087510,1.043524,sit
30.8200,0.082708,-0.024274,0.939143,sit
30.8400,0.056242,-0.036865,0.974779,sit
30.8600,0.076975,-0.017937,0.990678,sit
30.8800,0.080593,0.029544,0.946798,sit
30.9000,0.075265,-0.087068,1.050374,sit
30.9200,0.024509,-0.026170,0.961055,sit
30.9400,-0.055620,0.086450,1.006222,sit
30.9600,-0.031531,0.028696,1.060231,sit
30.9800,0.015942,0.034849,1.047701,sit
31.0000,0.002938,0.015830,0.994231,sit
31.0200,-0.049617,-0.063351,1.022531,sit
31.0400,-0.035420,-0.001053,0.987614,sit
31.0600,0.048514,0.013998,1.015324,sit
31.0800,-0.014326,-0.006900,0.983005,sit
31.1000,0.012480,-0.086205,0.999012,sit
31.1200,0.018378,0.019663,0.946125,sit
31.1400,-0.021055,-0.019039,0.973001,sit
31.1600,-0.060843,-0.054322,1.000455,sit
31.1800,0.019274,0.007400,0.956426,sit
31.2000,0.019249,-0.009940,0.975224,sit
31.2200,-0.046264,-0.025468,1.035849,sit
31.2400,-0.009199,-0.006157,0.949949,sit
31.2600,0.139521,-0.113247,0.898604,sit
31.2800,-0.026242,0.009971,1.088677,sit
31.3000,0.025689,0.015041,1.045982,sit
31.3200,0.004754,-0.097755,1.012742,sit
31.3400,0.010865,0.108483,0.963952,sit
31.3600,0.062869,-0.068009,1.076639,sit
31.3800,0.006630,0.041849,1.035191,sit
31.4000,0.033890,0.004877,0.967201,sit
31.4200,-0.007985,-0.038272,0.994365,sit
31.4400,-0.080443,0.008612,1.048864,sit
31.4600,0.060095,0.065691,1.007624,sit
31.4800,-0.007708,-0.012762,1.019618,sit
31.5000,0.035855,0.016907,0.932729,sit
31.5200,0.068903,0.023874,1.049534,sit
31.5400,0.002596,-0.013050,1.096877,sit
31.5600,-0.053492,-0.084407,1.099790,sit
31.5800,0.012020,-0.021418,0.970748,sit
31.6000,-0.100304,0.093364,1.035282,sit
31.6200,0.025500,0.041234,0.954267,sit
31.6400,0.022920,0.054286,0.889754,sit
31.6600,0.029798,0.037354,1.005074,sit
31.6800,-0.044278,-0.008278,0.977091,sit
31.7000,0.018142,-0.026605,1.038221,sit
31.7200,-0.025917,-0.025992,1.058427,sit
31.7400,-0.008037,0.026581,0.935129,sit
31.7600,0.076044,-0.072609,1.004847,sit
31.7800,-0.011227,-0.038153,0.986281,sit
31.8000,0.061756,0.086947,0.988168,sit
31.8200,-0.017873,-0.093897,1.085756,sit
31.8400,-0.053304,-0.045496,1.005241,sit
31.8600,0.036703,0.076163,1.108730,sit
31.8800,0.037692,-0.024008,0.967160,sit
31.9000,-0.008925,0.040222,1.047745,sit
31.9200,0.030846,-0.094722,0.971692,sit
31.9400,0.072834,-0.026654,0.995983,sit
31.9600,0.136340,-0.003697,1.071172,sit
31.9800,0.091936,0.037909,0.978255,sit
32.0000,-0.114001,-0.042947,1.032166,sit
32.0200,0.029598,0.058614,0.944707,sit
32.0400,0.009972,-0.102505,0.955860,sit
32.0600,0.026465,-0.109112,1.040835,sit
32.0800,0.091532,-0.071804,0.987056,sit
32.1000,0.085924,0.025032,1.019867,sit
32.1200,0.005375,-0.068590,0.993158,sit
32.1400,0.064333,0.004349,1.036085,sit
32.1600,-0.018087,-0.043572,0.978439,sit
32.1800,-0.052652,-0.068115,0.999005,sit
32.2000,-0.011439,-0.047020,1.034803,sit
32.2200,-0.046579,0.021279,1.024919,sit
32.2400,0.083298,0.017103,1.039480,sit
32.2600,0.003735,-0.070359,1.042786,sit
32.2800,0.083969,-0.006214,1.104689,sit
32.3000,0.046193,0.100049,0.990941,sit
32.3200,-0.044234,0.002799,0.963688,sit
32.3400,0.009923,-0.012082,1.008226,sit
32.3600,-0.004502,-0.048713,0.973530,sit
32.3800,0.063456,-0.003175,0.932959,sit
32.4000,-0.100840,-0.016121,1.013940,sit
32.4200,-0.059011,-0.089366,1.028041,sit
32.4400,0.159706,0.043600,0.950169,sit
32.4600,-0.005883,-0.005942,0.936411,sit
32.4800,-0.070207,-0.007138,1.039508,sit
32.5000,0.012644,-0.034165,1.025471,sit
32.5200,0.026063,-0.049134,0.939109,sit
32.5400,0.032259,0.056811,1.020271,sit
32.5600,0.058962,0.073350,0.923583,sit
32.5800,0.023931,0.065798,1.056679,sit
32.6000,0.071361,-0.029379,1.034086,sit
32.6200,0.038814,-0.029909,1.009534,sit
32.6400,-0.066586,-0.042442,1.016378,sit
32.6600,0.052571,-0.000040,1.076705,sit
32.6800,0.074466,-0.049142,0.994931,sit
32.7000,-0.025172,0.041163,1.035908,sit
32.7200,-0.039685,0.046204,0.933967,sit
32.7400,0.058892,-0.121959,0.991044,sit
32.7600,-0.035396,0.033796,1.012628,sit
32.7800,-0.109577,-0.067270,0.970643,sit
32.8000,0.059189,0.081563,1.034100,sit
32.8200,0.071147,-0.037655,1.020830,sit
32.8400,0.006349,-0.053990,0.982480,sit
32.8600,-0.017842,0.022804,1.024770,sit
32.8800,-0.027422,-0.026594,0.904969,sit
32.9000,0.025266,-0.005171,0.998550,sit
32.9200,0.027290,-0.024769,0.951808,sit
32.9400,-0.030102,-0.017183,1.010882,sit
32.9600,-0.030292,-0.022038,0.933520,sit
32.9800,-0.020379,-0.087353,0.966962,sit
33.0000,0.026998,0.008570,0.992190,sit
33.0200,-0.011228,0.045014,0.941078,sit
33.0400,0.022112,-0.035823,1.013912,sit
33.0600,-0.007604,-0.027161,1.015616,sit
33.0800,-0.032311,-0.060647,0.975849,sit
33.1000,-0.062735,0.007258,0.969605,sit
33.1200,-0.063194,0.018214,1.020091,sit
33.1400,-0.009227,-0.014614,1.045665,sit
33.1600,-0.013558,0.012903,0.943250,sit
33.1800,0.027879,-0.007147,1.025912,sit
33.2000,-0.013656,-0.037649,0.939899,sit
33.2200,-0.010315,-0.022970,0.935140,sit
33.2400,0.062545,0.051281,0.898269,sit
33.2600,-0.106949,-0.075980,1.007827,sit
33.2800,0.133985,-0.059092,0.984138,sit
33.3000,0.066646,-0.024766,1.055794,sit
33.3200,0.046707,-0.001461,1.044103,sit
33.3400,0.046796,-0.070144,0.991270,sit
33.3600,-0.031456,0.001483,0.939314,sit
33.3800,-0.049823,0.002789,0.999634,sit
33.4000,0.069279,0.010521,1.071618,sit
33.4200,0.065518,0.056892,0.823259,sit
33.4400,-0.038650,0.023173,0.933841,sit
33.4600,-0.026394,0.033429,1.002377,sit
33.4800,-0.017444,0.086623,0.978894,sit
33.5000,0.055566,-0.002484,1.004958,sit
33.5200,-0.017927,-0.042030,0.988919,sit
33.5400,-0.068284,0.030557,1.005654,sit
33.5600,-0.022005,0.039721,0.947889,sit
33.5800,-0.098381,0.021072,0.931128,sit
33.6000,-0.069765,0.008148,1.048315,sit
33.6200,-0.038928,-0.044610,1.075313,sit
33.6400,-0.070625,0.042397,1.021493,sit
33.6600,-0.036287,-0.006820,0.957002,sit
33.6800,-0.033306,-0.007639,0.964654,sit
33.7000,-0.082379,0.035618,0.969784,sit
33.7200,0.039830,-0.007698,1.140639,sit
33.7400,0.027904,-0.067317,0.931392,sit
33.7600,-0.044819,-0.021429,0.917371,sit
33.7800,-0.056301,0.000756,0.921847,sit
33.8000,-0.004998,0.011650,0.949756,sit
33.8200,0.030198,0.004253,1.054667,sit
33.8400,0.033235,-0.010631,0.992124,sit
33.8600,0.023091,0.018888,0.915360,sit
33.8800,0.046327,-0.028048,1.056702,sit
33.9000,0.008957,-0.032479,0.999989,sit
33.9200,0.072024,-0.037479,0.914521,sit
33.9400,-0.012784,0.062969,1.079408,sit
33.9600,0.051637,-0.106013,0.988144,sit
33.9800,-0.023904,-0.008823,0.945253,sit
34.0000,-0.013751,-0.059205,1.116005,sit
34.0200,0.002996,-0.025876,0.938024,sit
34.0400,0.047894,0.029174,1.058099,sit
34.0600,0.017331,-0.023424,0.963605,sit
34.0800,-0.038218,-0.020254,1.034265,sit
34.1000,-0.027581,0.014213,1.037647,sit
34.1200,-0.022704,0.048924,1.021014,sit
34.1400,0.019158,-0.001297,1.008671,sit
34.1600,-0.043021,-0.041924,1.012513,sit
34.1800,0.044719,-0.011524,1.025107,sit
34.2000,-0.011544,-0.039141,1.000625,sit
34.2200,0.019213,-0.034438,0.970301,sit
34.2400,-0.024758,0.009152,0.926249,sit
34.2600,0.013716,0.013079,1.010268,sit
34.2800,-0.028109,0.013998,0.944836,sit
34.3000,-0.038061,0.039952,0.933569,sit
34.3200,-0.032226,-0.028888,1.032480,sit
34.3400,-0.072005,-0.029449,0.945731,sit
34.3600,0.082805,-0.013819,0.974032,sit
34.3800,0.005685,0.043201,0.896352,sit
34.4000,-0.054046,0.010918,0.968509,sit
34.4200,-0.072121,-0.035447,1.007831,sit
34.4400,0.016284,0.098004,0.918041,sit
34.4600,-0.074054,-0.060390,1.048646,sit
34.4800,-0.044797,-0.075944,1.040618,sit
34.5000,-0.037004,0.055765,1.010734,sit
34.5200,-0.033093,0.044691,1.040794,sit
34.5400,0.075098,-0.020681,0.984074,sit
34.5600,0.073605,0.055577,1.012858,sit
34.5800,-0.042501,-0.052363,0.928449,sit
34.6000,-0.049538,-0.010339,0.940410,sit
34.6200,0.036034,-0.128928,0.959938,sit
34.6400,-0.034010,0.030436,1.026133,sit
34.6600,-0.061538,0.011437,0.947779,sit
34.6800,0.014572,-0.060990,1.006404,sit
34.7000,0.073428,0.102010,1.054335,sit
34.7200,-0.051579,-0.025950,0.953340,sit
34.7400,-0.030509,-0.087391,0.968483,sit
34.7600,0.055889,0.111718,1.021734,sit
34.7800,0.010162,0.033650,0.920972,sit
34.8000,-0.042288,0.040259,0.988347,sit
34.8200,-0.018404,0.042711,0.904663,sit
34.8400,0.058362,-0.040605,1.028167,sit
34.8600,0.000033,0.036423,1.049617,sit
34.8800,-0.050597,0.041867,1.025323,sit
34.9000,0.071272,-0.026406,1.059378,sit
34.9200,0.036433,-0.022105,1.050057,sit
34.9400,-0.018616,0.045660,0.994982,sit
34.9600,0.005406,0.003397,1.050699,sit
34.9800,-0.004336,0.029035,1.029983,sit
35.0000,-0.042962,0.046200,1.073647,sit
35.0200,0.025540,0.020288,0.957410,sit
35.0400,0.064466,-0.076693,1.007207,sit
35.0600,0.077493,-0.034450,1.026977,sit
35.0800,-0.036316,0.032924,0.929248,sit
35.1000,-0.020613,-0.031889,1.005077,sit
35.1200,-0.085061,0.075377,1.015503,sit
35.1400,-0.024442,0.074451,0.998810,sit
35.1600,0.012825,0.014414,1.079541,sit
35.1800,0.007876,-0.053386,1.004471,sit
35.2000,0.020992,-0.001292,0.967518,sit
35.2200,-0.040410,-0.084847,1.024057,sit
35.2400,-0.041725,-0.032126,1.025476,sit
35.2600,0.053961,-0.051779,0.982435,sit
35.2800,-0.019697,0.025293,0.948000,sit
35.3000,-0.040113,0.021002,0.969838,sit
35.3200,-0.051429,-0.000559,0.954183,sit
35.3400,-0.013676,0.064190,0.991166,sit
35.3600,-0.006854,-0.023527,0.923939,sit
35.3800,0.008865,0.050846,1.063130,sit
35.4000,0.142671,-0.014773,1.010088,sit
35.4200,-0.055001,0.092599,1.049577,sit
35.4400,0.048038,0.029832,0.993365,sit
35.4600,-0.126894,0.062503,1.033387,sit
35.4800,0.012883,-0.041322,1.043376,sit
35.5000,0.014934,0.010028,0.944654,sit
35.5200,-0.056099,-0.004473,0.994693,sit
35.5400,-0.052002,0.086729,0.978069,sit
35.5600,-0.003270,0.013005,1.073606,sit
35.5800,-0.038757,-0.009285,0.936274,sit
35.6000,0.052444,0.021306,1.007925,sit
35.6200,0.014220,0.090799,0.994496,sit
35.6400,-0.029194,-0.028945,1.051548,sit
35.6600,0.029407,0.024009,0.967578,sit
35.6800,0.027325,0.030044,1.005303,sit
35.7000,-0.006588,0.023674,1.019976,sit
35.7200,-0.023995,-0.015605,0.914240,sit
35.7400,0.029873,-0.005487,1.077477,sit
35.7600,-0.089217,0.008480,1.029649,sit
35.7800,-0.034930,0.024149,1.014160,sit
35.8000,0.026476,-0.011667,0.841161,sit
35.8200,0.004045,0.004704,0.963441,sit
35.8400,-0.066265,0.026147,1.019822,sit
35.8600,0.078963,-0.040325,1.059276,sit
35.8800,0.000855,-0.024814,1.024961,sit
35.9000,0.043825,-0.026261,1.078520,sit
35.9200,0.000941,-0.061653,0.943066,sit
35.9400,0.053598,-0.027646,1.004452,sit
35.9600,0.005298,-0.005622,1.048968,sit
35.9800,-0.024095,-0.055484,0.884930,sit
36.0000,-0.005924,-0.013203,1.061913,sit
36.0200,-0.035205,0.051161,0.985548,sit
36.0400,0.086034,-0.048686,0.979942,sit
36.0600,0.033931,0.059422,1.042197,sit
36.0800,-0.066756,0.054415,0.999535,sit
36.1000,-0.081406,-0.027941,0.982581,sit
36.1200,-0.039961,0.065296,1.026844,sit
36.1400,0.056969,-0.044010,0.916497,sit
36.1600,0.022608,0.001702,1.043162,sit
36.1800,0.033008,0.007794,1.040059,sit
36.2000,0.003834,0.010258,1.098923,sit
36.2200,0.064484,-0.052597,0.920902,sit
36.2400,0.067864,-0.021820,0.993418,sit
36.2600,-0.024407,0.016355,0.979305,sit
36.2800,-0.059517,-0.089249,0.880405,sit
36.3000,-0.052710,0.061235,0.953115,sit
36.3200,-0.001175,0.056075,1.065694,sit
36.3400,-0.027851,0.035566,0.981225,sit
36.3600,-0.096921,0.047872,1.005506,sit
36.3800,-0.043853,0.010300,1.016682,sit
36.4000,0.008325,-0.048410,0.991266,sit
36.4200,0.015278,0.037691,0.989205,sit
36.4400,-0.054161,0.021218,1.061848,sit
36.4600,-0.029777,0.025293,1.052413,sit
36.4800,0.052917,0.067232,1.014168,sit
36.5000,0.070385,0.067615,0.958629,sit
36.5200,0.015501,0.011759,0.965774,sit
36.5400,-0.016460,-0.100399,1.035519,sit
36.5600,0.042445,0.057544,1.067434,sit
36.5800,-0.030247,-0.007999,1.077180,sit
36.6000,0.053983,-0.036877,0.881980,sit
36.6200,-0.011443,-0.053425,1.003132,sit
36.6400,0.048544,-0.072356,1.013741,sit
36.6600,-0.060788,0.124120,1.002580,sit
36.6800,0.023759,-0.052202,0.893362,sit
36.7000,-0.047942,-0.047836,1.058631,sit
36.7200,-0.057378,0.041350,1.021074,sit
36.7400,-0.005577,-0.124323,0.972517,sit
36.7600,0.048537,0.026865,1.007479,sit
36.7800,-0.071845,0.006302,1.012685,sit
36.8000,-0.024306,0.021657,0.964486,sit
36.8200,-0.100388,-0.032161,0.965485,sit
36.8400,0.060950,0.035975,0.997472,sit
36.8600,-0.027338,0.027912,1.074707,sit
36.8800,-0.048353,-0.031956,1.057538,sit
36.9000,0.024042,-0.021923,1.057763,sit
36.9200,0.027580,-0.047141,1.013733,sit
36.9400,-0.000360,0.082634,1.030370,sit
36.9600,0.024175,0.006665,1.026048,sit
36.9800,-0.069457,-0.072720,1.019467,sit
37.0000,0.019986,-0.020174,0.900096,sit
37.0200,-0.054389,0.026891,1.006345,sit
37.0400,-0.032068,-0.046449,1.013324,sit
37.0600,-0.007542,-0.007967,0.974782,sit
37.0800,0.007513,0.014135,0.968683,sit
37.1000,0.083134,-0.029439,1.008316,sit
37.1200,-0.077578,-0.049949,1.046023,sit
37.1400,0.036320,0.010734,0.966373,sit
37.1600,0.017682,-0.049647,1.053502,sit
37.1800,-0.131447,-0.019250,0.960138,sit
37.2000,0.064744,-0.009899,1.061869,sit
37.2200,0.072282,0.022738,0.918101,sit
37.2400,-0.037692,-0.024958,1.020025,sit
37.2600,0.018982,-0.066480,1.039229,sit
37.2800,-0.050735,-0.017694,1.012870,sit
37.3000,-0.006489,0.078443,1.056968,sit
37.3200,-0.065952,-0.056286,1.057489,sit
37.3400,0.005664,0.031418,1.001254,sit
37.3600,0.061528,0.038583,1.039323,sit
37.3800,-0.033836,0.030371,0.919489,sit
37.4000,-0.012038,-0.031772,0.961165,sit
37.4200,-0.046839,-0.100380,1.061920,sit
37.4400,-0.010639,-0.008862,1.025062,sit
37.4600,0.053259,0.066841,0.978420,sit
37.4800,0.009399,-0.045267,1.036640,sit
37.5000,0.001052,0.045455,1.041365,sit
37.5200,0.039085,0.026808,1.004352,sit
37.5400,-0.062134,0.016454,1.084172,sit
37.5600,-0.021695,-0.033869,1.030903,sit
37.5800,0.083715,-0.052053,0.879206,sit
37.6000,-0.030741,0.004985,0.992860,sit
37.6200,-0.013015,-0.025134,0.967656,sit
37.6400,-0.041359,0.017999,1.028624,sit
37.6600,-0.079267,0.079095,1.022075,sit
37.6800,0.027698,-0.014143,1.012740,sit
37.7000,-0.056180,0.079170,1.070745,sit
37.7200,-0.011977,-0.065937,0.984708,sit
37.7400,0.029565,-0.019690,0.960218,sit
37.7600,0.008043,-0.043691,1.066763,sit
37.7800,0.047276,0.033190,0.964606,sit
37.8000,0.010342,0.055469,0.895344,sit
37.8200,0.010286,0.070311,1.090576,sit
37.8400,-0.047528,0.013811,1.052216,sit
37.8600,0.060292,-0.091983,0.899521,sit
37.8800,0.007715,0.024916,0.993772,sit
37.9000,-0.016393,0.063901,1.073875,sit
37.9200,-0.029609,0.007885,0.942156,sit
37.9400,0.086775,-0.070212,0.946495,sit
37.9600,-0.044491,-0.052424,1.063878,sit
37.9800,0.116082,0.013034,0.983197,sit
38.0000,0.036087,-0.045351,1.066888,sit
38.0200,-0.001823,0.021028,0.965437,sit
38.0400,-0.010221,-0.080981,1.000936,sit
38.0600,0.044513,-0.092577,0.949508,sit
38.0800,-0.023808,-0.015483,0.995486,sit
38.1000,-0.002254,0.014187,0.998224,sit
38.1200,-0.084096,0.015685,1.060171,sit
38.1400,0.012903,-0.088673,1.011616,sit
38.1600,0.023767,-0.049463,1.003809,sit
38.1800,0.063822,0.080869,1.006325,sit
38.2000,0.025373,-0.008256,0.979508,sit
38.2200,0.069250,0.048123,1.030850,sit
38.2400,-0.026327,0.073363,1.052023,sit
38.2600,-0.064584,0.054429,1.008415,sit
38.2800,0.013924,-0.100853,0.926843,sit
38.3000,0.049476,-0.038349,1.040622,sit
38.3200,-0.066358,-0.073762,1.095538,sit
38.3400,0.045470,-0.006418,1.011186,sit
38.3600,-0.035430,0.017800,1.058972,sit
38.3800,-0.020774,0.024282,0.915389,sit
38.4000,0.090076,0.050229,0.998500,sit
38.4200,-0.016721,0.070550,0.974762,sit
38.4400,0.018488,-0.015694,0.953863,sit
38.4600,0.051942,-0.020611,1.023210,sit
38.4800,-0.017366,-0.006723,0.991447,sit
38.5000,-0.032743,0.036666,0.995661,sit
38.5200,0.043137,0.037341,1.061114,sit
38.5400,-0.024576,0.033185,0.991280,sit
38.5600,-0.001119,-0.035722,0.976278,sit
38.5800,0.031508,-0.017100,0.963526,sit
38.6000,0.042415,0.017841,0.939074,sit
38.6200,0.005286,0.056411,1.054810,sit
38.6400,-0.026858,-0.055536,0.981722,sit
38.6600,0.067204,0.037187,0.885315,sit
38.6800,0.042937,-0.110892,1.096628,sit
38.7000,0.042268,-0.019729,1.005347,sit
38.7200,0.033051,-0.024671,1.023176,sit
38.7400,-0.006477,-0.012540,1.076251,sit
38.7600,-0.101938,0.002352,0.930346,sit
38.7800,-0.009105,-0.035405,1.127314,sit
38.8000,-0.025711,-0.006849,0.969079,sit
38.8200,0.044470,-0.025507,0.967251,sit
38.8400,0.093520,0.039047,1.013448,sit
38.8600,0.120619,-0.031650,0.959370,sit
38.8800,-0.039675,0.060158,0.969059,sit
38.9000,0.059513,-0.031471,0.909267,sit
38.9200,-0.040081,0.014357,1.059616,sit
38.9400,0.065067,0.018321,1.034204,sit
38.9600,-0.132221,0.013133,1.001927,sit
38.9800,-0.015449,-0.033295,1.043986,sit
39.0000,0.056963,0.098229,0.990262,sit
39.0200,-0.039803,0.094262,0.983979,sit
39.0400,-0.026030,-0.069360,1.021006,sit
39.0600,0.030285,0.042180,1.011156,sit
39.0800,0.027206,0.027715,1.025719,sit
39.1000,0.058922,0.042624,1.009440,sit
39.1200,-0.026861,0.040148,0.971143,sit
39.1400,-0.007383,-0.035811,1.106646,sit
39.1600,-0.048559,0.033196,1.033814,sit
39.1800,0.043811,-0.001981,1.004195,sit
39.2000,-0.009841,-0.135902,0.961788,sit
39.2200,0.068201,-0.040813,1.006751,sit
39.2400,0.131879,-0.048409,0.974768,sit
39.2600,-0.012603,-0.099923,0.956587,sit
39.2800,-0.071433,0.027195,0.987645,sit
39.3000,-0.106626,0.040507,1.048605,sit
39.3200,-0.018085,0.047336,1.029369,sit
39.3400,-0.045719,0.014062,1.009235,sit
39.3600,-0.041757,-0.051331,1.020395,sit
39.3800,0.115336,-0.001864,1.010515,sit
39.4000,-0.052722,-0.012978,0.989883,sit
39.4200,-0.018837,-0.032791,0.997567,sit
39.4400,-0.028148,0.062073,1.102494,sit
39.4600,-0.038067,-0.018180,1.021679,sit
39.4800,0.029154,-0.038174,0.971458,sit
39.5000,0.029331,-0.081916,1.110753,sit
39.5200,0.015072,-0.015205,0.992483,sit
39.5400,-0.053669,0.090125,0.995805,sit
39.5600,-0.021754,0.087851,1.051597,sit
39.5800,-0.009722,0.021812,0.983392,sit
39.6000,-0.018110,-0.011048,1.014871,sit
39.6200,0.054744,0.098877,0.891371,sit
39.6400,0.116117,0.051218,1.000826,sit
39.6600,-0.021502,-0.093404,1.059721,sit
39.6800,-0.054729,0.032593,0.979264,sit
39.7000,-0.081286,0.020921,1.024317,sit
39.7200,-0.046790,0.042970,1.090271,sit
39.7400,0.024533,0.021570,0.963310,sit
39.7600,-0.051968,-0.020305,1.003450,sit
39.7800,0.000587,-0.009945,1.124587,sit
39.8000,0.028557,-0.048815,0.939971,sit
39.8200,-0.086928,-0.050477,1.028936,sit
39.8400,-0.014262,-0.034643,1.029481,sit
39.8600,0.027461,0.018570,0.999339,sit
39.8800,-0.001837,-0.065930,0.907739,sit
39.9000,-0.040321,-0.039434,0.959053,sit
39.9200,-0.008661,-0.023702,0.934770,sit
39.9400,-0.005144,0.016800,0.975373,sit
39.9600,0.040953,0.015773,1.019472,sit
39.9800,-0.018677,0.020674,1.034124,sit
